type,module,functionBoundaryOwner,line,column,snippet
addEventListener,02-state-save-cloud-account.js,accountStatusText,314,14,"window.addEventListener('otthos:rtdb-ready',ready,{once:true});"
onclick,02-state-save-cloud-account.js,openAccountForm,383,13,"submit.onclick=async()=>{error.hidden=true;const pass=password.value;if(creating&&pass!==$('[data-account-confirm]',root).value){showError('As duas senhas precisam ser iguais.');return;}submit.disabled=true;submit.textContent=creating?'Criando conta...':'Recuperando...';try{if(creating)await createGameAccount($('[data-account-display]',root).value,user.value,pass);else await loginGameAccount(user.value,pass);closeModal();toast(creating?'Conta criada e progresso protegido.':'Progresso recuperado com sucesso.','good',2600);if(typeof onReady==='function')onReady();else if(!creating)setTimeout(()=>location.reload(),550);}catch(e){showError(e.message||'Não foi possível concluir.');}};"
onclick,02-state-save-cloud-account.js,openAccountForm,384,36,"$('[data-account-back]',root).onclick=()=>openAccountCenter(required,onReady);setTimeout(()=>user.focus(),80);"
addEventListener,02-state-save-cloud-account.js,openAccountCenter,390,40,"$('[data-account-create]',root)?.addEventListener('click',()=>openAccountForm('create',required,onReady));$('[data-account-login]',root)?.addEventListener('click',()=>openAccountForm('login',required,onReady));"
addEventListener,02-state-save-cloud-account.js,openAccountCenter,390,145,"$('[data-account-create]',root)?.addEventListener('click',()=>openAccountForm('create',required,onReady));$('[data-account-login]',root)?.addEventListener('click',()=>openAccountForm('login',required,onReady));"
addEventListener,02-state-save-cloud-account.js,openAccountCenter,391,38,"$('[data-account-sync]',root)?.addEventListener('click',async e=>{e.currentTarget.disabled=true;e.currentTarget.textContent='Sincronizando...';const ok=await syncGameAccount(true);closeModal();toast(ok?'Progresso sincronizado.':'Sem conexão agora; a cópia local foi preservada.',ok?'good':'warn',2400);});"
addEventListener,02-state-save-cloud-account.js,openAccountCenter,392,40,"$('[data-account-logout]',root)?.addEventListener('click',async()=>{if(await confirmModal('Sair da conta','O progresso continuará neste aparelho e na cópia protegida.','Sair','Cancelar')){await unlinkGameAccount();toast('Conta desconectada deste aparelho.','good');}});"
addEventListener,02-state-save-cloud-account.js,openAccountCenter,393,41,"$('[data-account-offline]',root)?.addEventListener('click',()=>openPlayerNameModal(true,()=>{state.flags.accountPromptedV635=true;saveState(true);if(typeof onReady==='function')onReady();}));"
onclick,03-ui-modal-install-pwa.js,confirmModal,494,30,"$('[data-yes]', root).onclick = () => { closeModal(); resolve(true); };"
onclick,03-ui-modal-install-pwa.js,confirmModal,495,29,"$('[data-no]', root).onclick = () => { closeModal(); resolve(false); };"
onclick,03-ui-modal-install-pwa.js,confirmModal,499,17,els.modalClose.onclick = closeModal;
addEventListener,03-ui-modal-install-pwa.js,confirmModal,500,13,"els.modal.addEventListener('pointerdown', e => { if (e.target === els.modal) closeModal(); });"
addEventListener,03-ui-modal-install-pwa.js,updateInstallUI,521,10,"window.addEventListener('beforeinstallprompt', event => {"
addEventListener,03-ui-modal-install-pwa.js,updateInstallUI,526,10,"window.addEventListener('appinstalled', () => {"
onclick,03-ui-modal-install-pwa.js,updateInstallUI,547,37,if (els.installBtn) els.installBtn.onclick = installApp;
addEventListener,03-ui-modal-install-pwa.js,isOfficialOtthiGameAddress,605,29,"navigator.serviceWorker.addEventListener('controllerchange', () => {"
addEventListener,03-ui-modal-install-pwa.js,isOfficialOtthiGameAddress,616,20,"registration.addEventListener('updatefound', () => {"
addEventListener,03-ui-modal-install-pwa.js,isOfficialOtthiGameAddress,619,16,"worker.addEventListener('statechange', () => {"
addEventListener,03-ui-modal-install-pwa.js,isOfficialOtthiGameAddress,637,12,"window.addEventListener('load', registerOtthiGameUpdates, { once:true });"
addEventListener,03-ui-modal-install-pwa.js,isOfficialOtthiGameAddress,639,10,"window.addEventListener('online', () => probeOtthiGameUpdate(true), { passive:true });"
addEventListener,03-ui-modal-install-pwa.js,isOfficialOtthiGameAddress,640,10,"window.addEventListener('pageshow', () => probeOtthiGameUpdate(false), { passive:true });"
addEventListener,03-ui-modal-install-pwa.js,isOfficialOtthiGameAddress,641,12,"document.addEventListener('visibilitychange', () => {"
onclick,04-education-daily-quiz.js,openEducationHub,728,11,"root.onclick=e=>{const tabBtn=e.target.closest('[data-edu-tab]'),playBtn=e.target.closest('[data-edu-play]'),startBtn=e.target.closest('[data-academy-start]'),claimBtn=e.target.closest('[data-daily-claim]'),onlineBtn=e.target.closest('[data-open-online]');if(tabBtn){openEducationHub(tabBtn.dataset.eduTab);return;}if(startBtn){startSoloEducationGame(startBtn.dataset.academyStart,1);return;}if(playBtn){startSoloEducationGame(playBtn.dataset.eduPlay,Number(playBtn.dataset.eduLevel));return;}if(claimBtn){claimDailyQuest(Number(claimBtn.dataset.dailyClaim));return;}if(onlineBtn){openSocialHub();}};"
addEventListener,04-education-daily-quiz.js,runEducationGame,739,94,"if(q.autoSpeak)setTimeout(()=>speakKidWord(q.speak),180);$('[data-edu-speak]',root)?.addEventListener('click',()=>speakKidWord(q.speak));"
onclick,04-education-daily-quiz.js,runEducationGame,741,54,"$$('[data-edu-answer]',root).forEach(btn=>btn.onclick=()=>resolveAnswer(btn.dataset.eduAnswer,btn));"
onclick,04-education-daily-quiz.js,runEducationGame,742,58,"$$('[data-sequence-token]',root).forEach(btn=>btn.onclick=()=>{if(locked||btn.disabled)return;sequence.push(q.tokens[Number(btn.dataset.sequenceToken)]);btn.disabled=true;$('#sequenceBuilt',root).textContent=sequence.join('');});"
addEventListener,04-education-daily-quiz.js,runEducationGame,743,42,"$('[data-sequence-clear]',root)?.addEventListener('click',()=>{sequence=[];render();});$('[data-sequence-check]',root)?.addEventListener('click',()=>resolveAnswer(sequence.join(''),$('[data-sequence-check]',root)));"
addEventListener,04-education-daily-quiz.js,runEducationGame,743,129,"$('[data-sequence-clear]',root)?.addEventListener('click',()=>{sequence=[];render();});$('[data-sequence-check]',root)?.addEventListener('click',()=>resolveAnswer(sequence.join(''),$('[data-sequence-check]',root)));"
onclick,04-education-daily-quiz.js,finishSoloEducationGame,748,1178,"function finishSoloEducationGame(result){const passed=result.score>=3,stars=passed?(result.score===result.total?3:result.score>=4?2:1):0,key=`${result.subject}-${result.level}`,old=subjectLevelRecord(result.subject,result.level);state.learning.lessons[key]={completed:old.completed||passed,stars:Math.max(old.stars||0,stars),best:Math.max(old.best||0,result.score),attempts:(old.attempts||0)+1};state.learning.lastLesson=key;state.learning.subjectXP[result.subject]=(state.learning.subjectXP[result.subject]||0)+result.score*10;if(passed){state.learning.crowns+=(old.completed?0:1);if(result.score===result.total)state.learning.perfectLessons++;const coins=30+stars*18;addCoins(coins);addXP(25+stars*12);awardMedal(result.score===result.total?`${EDUCATION_SUBJECTS[result.subject].title} Perfeito`:`Aluno ${EDUCATION_SUBJECTS[result.subject].title}`);saveState(true);openModal('Fase concluída!',`<div class=""lesson-result""><div>${result.score===result.total?'🏆':'🎉'}</div><h3>${result.score}/${result"
onclick,04-education-daily-quiz.js,finishSoloEducationGame,748,1570,"function finishSoloEducationGame(result){const passed=result.score>=3,stars=passed?(result.score===result.total?3:result.score>=4?2:1):0,key=`${result.subject}-${result.level}`,old=subjectLevelRecord(result.subject,result.level);state.learning.lessons[key]={completed:old.completed||passed,stars:Math.max(old.stars||0,stars),best:Math.max(old.best||0,result.score),attempts:(old.attempts||0)+1};state.learning.lastLesson=key;state.learning.subjectXP[result.subject]=(state.learning.subjectXP[result.subject]||0)+result.score*10;if(passed){state.learning.crowns+=(old.completed?0:1);if(result.score===result.total)state.learning.perfectLessons++;const coins=30+stars*18;addCoins(coins);addXP(25+stars*12);awardMedal(result.score===result.total?`${EDUCATION_SUBJECTS[result.subject].title} Perfeito`:`Aluno ${EDUCATION_SUBJECTS[result.subject].title}`);saveState(true);openModal('Fase concluída!',`<div class=""lesson-result""><div>${result.score===result.total?'🏆':'🎉'}</div><h3>${result.score}/${result"
onclick,04-education-daily-quiz.js,finishSoloEducationGame,748,1660,"function finishSoloEducationGame(result){const passed=result.score>=3,stars=passed?(result.score===result.total?3:result.score>=4?2:1):0,key=`${result.subject}-${result.level}`,old=subjectLevelRecord(result.subject,result.level);state.learning.lessons[key]={completed:old.completed||passed,stars:Math.max(old.stars||0,stars),best:Math.max(old.best||0,result.score),attempts:(old.attempts||0)+1};state.learning.lastLesson=key;state.learning.subjectXP[result.subject]=(state.learning.subjectXP[result.subject]||0)+result.score*10;if(passed){state.learning.crowns+=(old.completed?0:1);if(result.score===result.total)state.learning.perfectLessons++;const coins=30+stars*18;addCoins(coins);addXP(25+stars*12);awardMedal(result.score===result.total?`${EDUCATION_SUBJECTS[result.subject].title} Perfeito`:`Aluno ${EDUCATION_SUBJECTS[result.subject].title}`);saveState(true);openModal('Fase concluída!',`<div class=""lesson-result""><div>${result.score===result.total?'🏆':'🎉'}</div><h3>${result.score}/${result"
onclick,05-avatar-life-customization.js,openAvatarStudio,802,56,"$$('[data-avatar-type]', root).forEach(btn => btn.onclick = () => {"
onclick,05-avatar-life-customization.js,openAvatarStudio,807,36,"$('[data-avatar-save]', root).onclick = () => { setFlag('customizedAvatar'); saveState(true); closeModal(); toast(`Visual de ${playerDisplayName()} salvo!`, 'good'); };"
onclick,05-avatar-life-customization.js,openLifePanel,815,36,"$('[data-life-avatar]', root).onclick = openAvatarStudio;"
onclick,05-avatar-life-customization.js,openLifePanel,816,34,"$('[data-life-jobs]', root).onclick = openJobCenter;"
onclick,05-avatar-life-customization.js,openLifePanel,817,40,"$('[data-life-adventures]', root).onclick = openAdventureHub;"
onclick,05-avatar-life-customization.js,openLifePanel,818,37,"$('[data-life-transit]', root).onclick = openTransitGuide;"
onclick,05-avatar-life-customization.js,openLifePanel,819,76,"const cancel=$('[data-life-cancel-companions]',root);if(cancel)cancel.onclick=()=>{for(const npc of world.npcs||[]){npc.following=false;npc.pendingRide=false;npc.passengerMode=null;if(npc.group)npc.group.visible=true;}closeModal();toast('Passeio encerrado com segurança.','good');};"
addEventListener,06-missions-profile-hud-inventory-tools.js,openObjectivesPanel,984,44,"$('[data-objective-continue]',root)?.addEventListener('click',focusActiveJob);$('[data-objective-jobs]',root)?.addEventListener('click',openJobCenter);$('[data-objective-map]',root)?.addEventListener('click',openMap);$('[data-objective-cancel]',root)?.addEventListener('click',cancelActiveJob);$$('[data-pin-chapter]',root).forEach(btn=>btn.onclick=()=>{pinChapter(btn.dataset.pinChapter);openObjectivesPanel();});"
addEventListener,06-missions-profile-hud-inventory-tools.js,openObjectivesPanel,984,118,"$('[data-objective-continue]',root)?.addEventListener('click',focusActiveJob);$('[data-objective-jobs]',root)?.addEventListener('click',openJobCenter);$('[data-objective-map]',root)?.addEventListener('click',openMap);$('[data-objective-cancel]',root)?.addEventListener('click',cancelActiveJob);$$('[data-pin-chapter]',root).forEach(btn=>btn.onclick=()=>{pinChapter(btn.dataset.pinChapter);openObjectivesPanel();});"
addEventListener,06-missions-profile-hud-inventory-tools.js,openObjectivesPanel,984,190,"$('[data-objective-continue]',root)?.addEventListener('click',focusActiveJob);$('[data-objective-jobs]',root)?.addEventListener('click',openJobCenter);$('[data-objective-map]',root)?.addEventListener('click',openMap);$('[data-objective-cancel]',root)?.addEventListener('click',cancelActiveJob);$$('[data-pin-chapter]',root).forEach(btn=>btn.onclick=()=>{pinChapter(btn.dataset.pinChapter);openObjectivesPanel();});"
addEventListener,06-missions-profile-hud-inventory-tools.js,openObjectivesPanel,984,259,"$('[data-objective-continue]',root)?.addEventListener('click',focusActiveJob);$('[data-objective-jobs]',root)?.addEventListener('click',openJobCenter);$('[data-objective-map]',root)?.addEventListener('click',openMap);$('[data-objective-cancel]',root)?.addEventListener('click',cancelActiveJob);$$('[data-pin-chapter]',root).forEach(btn=>btn.onclick=()=>{pinChapter(btn.dataset.pinChapter);openObjectivesPanel();});"
onclick,06-missions-profile-hud-inventory-tools.js,openObjectivesPanel,984,347,"$('[data-objective-continue]',root)?.addEventListener('click',focusActiveJob);$('[data-objective-jobs]',root)?.addEventListener('click',openJobCenter);$('[data-objective-map]',root)?.addEventListener('click',openMap);$('[data-objective-cancel]',root)?.addEventListener('click',cancelActiveJob);$$('[data-pin-chapter]',root).forEach(btn=>btn.onclick=()=>{pinChapter(btn.dataset.pinChapter);openObjectivesPanel();});"
onclick,06-missions-profile-hud-inventory-tools.js,openPlayerNameModal,996,968,"openModal(required?'Escolha seu nome de jogador':'Nome do jogador',`<div class=""player-name-modal""><div class=""player-name-icon"">👤</div><p>${required?'Antes de entrar, escolha o nome que aparecerá para os outros jogadores.':'Este nome aparece sobre seu personagem no multiplayer.'}</p><label class=""field""><span>Nome público</span><input id=""playerNameInput"" maxlength=""18"" autocomplete=""nickname"" inputmode=""text"" value=""${current.replace(/""/g,'&quot;')}"" placeholder=""Ex.: Thiago""></label><small>De 3 a 18 caracteres. Não use telefone, endereço ou informação pessoal sensível.</small><button class=""btn primary xl"" data-save-player-name>Salvar nome</button></div>`,root=>{const input=$('#playerNameInput',root),save=$('[data-save-player-name]',root);setTimeout(()=>input?.focus(),80);const submit=()=>{if(!applyPlayerName(input?.value))return;closeModal();toast(`Nome definido: ${state.profile.name}`,'good',1600);if(typeof onSaved==='function')onSaved();};save.onclick=submit;input?.addEventListen"
addEventListener,06-missions-profile-hud-inventory-tools.js,openPlayerNameModal,996,991,"openModal(required?'Escolha seu nome de jogador':'Nome do jogador',`<div class=""player-name-modal""><div class=""player-name-icon"">👤</div><p>${required?'Antes de entrar, escolha o nome que aparecerá para os outros jogadores.':'Este nome aparece sobre seu personagem no multiplayer.'}</p><label class=""field""><span>Nome público</span><input id=""playerNameInput"" maxlength=""18"" autocomplete=""nickname"" inputmode=""text"" value=""${current.replace(/""/g,'&quot;')}"" placeholder=""Ex.: Thiago""></label><small>De 3 a 18 caracteres. Não use telefone, endereço ou informação pessoal sensível.</small><button class=""btn primary xl"" data-save-player-name>Salvar nome</button></div>`,root=>{const input=$('#playerNameInput',root),save=$('[data-save-player-name]',root);setTimeout(()=>input?.focus(),80);const submit=()=>{if(!applyPlayerName(input?.value))return;closeModal();toast(`Nome definido: ${state.profile.name}`,'good',1600);if(typeof onSaved==='function')onSaved();};save.onclick=submit;input?.addEventListen"
addEventListener,06-missions-profile-hud-inventory-tools.js,openInventory,1026,234,"</div><div class=""modal-actions""><button class=""btn primary"" data-open-tools>Ferramentas</button>${inv.cookedFish>0?'<button class=""btn"" data-eat-cooked>Comer peixe assado</button>':''}</div>`,root=>{$('[data-open-tools]',root)?.addEventListener('click',openToolbelt);$('[data-eat-cooked]',root)?.addEventListener('click',()=>{if((state.inventory.cookedFish||0)<1)return;state.inventory.cookedFish--;state.needs.hunger=clamp(state.needs.hunger+32,0,100);state.needs.energy=clamp(state.needs.energy+6,0,100);saveState(true);updateHUD();toast('Peixe assado consumido.','good');openInventory();});});"
addEventListener,06-missions-profile-hud-inventory-tools.js,openInventory,1026,302,"</div><div class=""modal-actions""><button class=""btn primary"" data-open-tools>Ferramentas</button>${inv.cookedFish>0?'<button class=""btn"" data-eat-cooked>Comer peixe assado</button>':''}</div>`,root=>{$('[data-open-tools]',root)?.addEventListener('click',openToolbelt);$('[data-eat-cooked]',root)?.addEventListener('click',()=>{if((state.inventory.cookedFish||0)<1)return;state.inventory.cookedFish--;state.needs.hunger=clamp(state.needs.hunger+32,0,100);state.needs.energy=clamp(state.needs.energy+6,0,100);saveState(true);updateHUD();toast('Peixe assado consumido.','good');openInventory();});});"
onclick,06-missions-profile-hud-inventory-tools.js,openToolbelt,1039,631,"openModal('Ferramentas',`<div class=""tool-grid"">${Object.entries(TOOL_DEFS).map(([id,tool])=>`<button class=""tool-card ${state.tools.equipped===id?'active':''}"" data-equip-tool=""${id}""><span>${tool.icon}</span><b>${tool.name}</b><small>${tool.description}</small><em>${state.tools.equipped===id?'Em uso':'Equipar'}</em></button>`).join('')}</div><div class=""resource-summary""><span>🪵 ${state.tools.harvested.wood||0}</span><span>🪨 ${state.tools.harvested.stone||0}</span><span>🟨 ${state.tools.harvested.gold||0}</span><span>💧 ${state.tools.harvested.water||0}</span></div>`,root=>{$$('[data-equip-tool]',root).forEach(btn=>btn.onclick=()=>{equipTool(btn.dataset.equipTool);closeModal();});});"
onclick,08-map-parent-settings.js,openMap,1270,50,"$$('[data-map-list]',root).forEach(btn=>btn.onclick=()=>selectMapLocation(btn.dataset.mapList));"
addEventListener,08-map-parent-settings.js,openMap,1271,40,"$('[data-clear-waypoint]',root)?.addEventListener('click',clearWaypoint);"
addEventListener,08-map-parent-settings.js,openMap,1273,66,"const bindRoute=()=>{$('[data-route-selected]',selection)?.addEventListener('click',e=>setWaypoint(e.currentTarget.dataset.routeSelected));};bindRoute();"
onclick,08-map-parent-settings.js,openMap,1274,52,"$$('[data-map-marker]',root).forEach(btn=>btn.onclick=()=>selectMapLocation(btn.dataset.mapMarker));"
addEventListener,08-map-parent-settings.js,refreshOpenMapAfterResize,1279,10,"window.addEventListener('resize',refreshOpenMapAfterResize,{passive:true});window.addEventListener('orientationchange',refreshOpenMapAfterResize,{passive:true});"
addEventListener,08-map-parent-settings.js,refreshOpenMapAfterResize,1279,85,"window.addEventListener('resize',refreshOpenMapAfterResize,{passive:true});window.addEventListener('orientationchange',refreshOpenMapAfterResize,{passive:true});"
onclick,08-map-parent-settings.js,openFinalResetConfirmation,1287,37,"$('[data-reset-confirm]',root).onclick=confirm;$('[data-reset-cancel]',root).onclick=()=>openParentTools(inGame);input.onkeydown=e=>{if(e.key==='Enter'){e.preventDefault();confirm();}};setTimeout(()=>input.focus(),80);"
onclick,08-map-parent-settings.js,openFinalResetConfirmation,1287,83,"$('[data-reset-confirm]',root).onclick=confirm;$('[data-reset-cancel]',root).onclick=()=>openParentTools(inGame);input.onkeydown=e=>{if(e.key==='Enter'){e.preventDefault();confirm();}};setTimeout(()=>input.focus(),80);"
onclick,08-map-parent-settings.js,openParentTools,1292,37,"$('[data-parent-export]',root).onclick=()=>window.OTTHOS_DB?.exportFile(state);"
onclick,08-map-parent-settings.js,openParentTools,1293,89,"const fileInput=$('[data-parent-import-file]',root);$('[data-parent-import]',root).onclick=()=>fileInput.click();"
onchange,08-map-parent-settings.js,openParentTools,1294,16,"fileInput.onchange=async()=>{const file=fileInput.files?.[0];if(!file)return;try{const imported=normalizeState(await window.OTTHOS_DB.importFile(file));if(!(await confirmModal('Importar backup','O progresso atual deste aparelho será substituído pelo arquivo escolhido. Continuar?','Importar','Cancelar')))return;state=imported;await window.OTTHOS_DB.save(state);safeLocalSet(STORAGE_KEY,JSON.stringify(state));location.reload();}catch(error){toast(error.message||'Backup inválido.','bad');}};"
onclick,08-map-parent-settings.js,openParentTools,1295,36,"$('[data-parent-reset]',root).onclick=()=>openFinalResetConfirmation(inGame);$('[data-parent-back]',root).onclick=()=>openSettings(inGame);"
onclick,08-map-parent-settings.js,openParentTools,1295,112,"$('[data-parent-reset]',root).onclick=()=>openFinalResetConfirmation(inGame);$('[data-parent-back]',root).onclick=()=>openSettings(inGame);"
onclick,08-map-parent-settings.js,openParentGate,1302,39,"$('[data-parent-unlock]',root).onclick=unlock;$('[data-parent-cancel]',root).onclick=()=>openSettings(inGame);input.onkeydown=e=>{if(e.key==='Enter'){e.preventDefault();unlock();}};setTimeout(()=>input.focus(),80);"
onclick,08-map-parent-settings.js,openParentGate,1302,85,"$('[data-parent-unlock]',root).onclick=unlock;$('[data-parent-cancel]',root).onclick=()=>openSettings(inGame);input.onkeydown=e=>{if(e.key==='Enter'){e.preventDefault();unlock();}};setTimeout(()=>input.focus(),80);"
onclick,08-map-parent-settings.js,openParentGate,1306,748,"openModal('Acesso de responsável',`<div class=""parent-gate""><span>🛡️</span><h3>Peça ajuda a um adulto</h3><p>Para abrir backup e reinício, responda:</p><label class=""field""><span>Quanto é ${a} × ${b}?</span><input data-parent-answer inputmode=""numeric"" pattern=""[0-9]*"" maxlength=""3"" autocomplete=""off""></label><p data-parent-gate-error class=""account-error"" hidden>Resposta incorreta.</p><button class=""btn primary xl"" data-parent-unlock>Continuar</button><button class=""btn"" data-parent-cancel>Cancelar</button></div>`,root=>{const input=$('[data-parent-answer]',root),unlock=()=>{if(Number(input.value)!==answer){$('[data-parent-gate-error]',root).hidden=false;input.select();return;}openParentTools(inGame);};$('[data-parent-unlock]',root).onclick=unlock;$('[data-parent-cancel]',root).onclick=()=>openSettings(inGame);input.onkeydown=e=>{if(e.key==='Enter'){e.preventDefault();unlock();}};setTimeout(()=>input.focus(),80);});"
onclick,08-map-parent-settings.js,openParentGate,1306,794,"openModal('Acesso de responsável',`<div class=""parent-gate""><span>🛡️</span><h3>Peça ajuda a um adulto</h3><p>Para abrir backup e reinício, responda:</p><label class=""field""><span>Quanto é ${a} × ${b}?</span><input data-parent-answer inputmode=""numeric"" pattern=""[0-9]*"" maxlength=""3"" autocomplete=""off""></label><p data-parent-gate-error class=""account-error"" hidden>Resposta incorreta.</p><button class=""btn primary xl"" data-parent-unlock>Continuar</button><button class=""btn"" data-parent-cancel>Cancelar</button></div>`,root=>{const input=$('[data-parent-answer]',root),unlock=()=>{if(Number(input.value)!==answer){$('[data-parent-gate-error]',root).hidden=false;input.select();return;}openParentTools(inGame);};$('[data-parent-unlock]',root).onclick=unlock;$('[data-parent-cancel]',root).onclick=()=>openSettings(inGame);input.onkeydown=e=>{if(e.key==='Enter'){e.preventDefault();unlock();}};setTimeout(()=>input.focus(),80);});"
addEventListener,08-map-parent-settings.js,openSettings,1328,46,"$('[data-player-name-settings]',root)?.addEventListener('click',()=>openPlayerNameModal(false,()=>openSettings(inGame)));$('[data-account-settings]',root)?.addEventListener('click',()=>openAccountCenter(false));$('[data-multiplayer-config]',root)?.addEventListener('click',openMultiplayerConfig);"
addEventListener,08-map-parent-settings.js,openSettings,1328,163,"$('[data-player-name-settings]',root)?.addEventListener('click',()=>openPlayerNameModal(false,()=>openSettings(inGame)));$('[data-account-settings]',root)?.addEventListener('click',()=>openAccountCenter(false));$('[data-multiplayer-config]',root)?.addEventListener('click',openMultiplayerConfig);"
addEventListener,08-map-parent-settings.js,openSettings,1328,255,"$('[data-player-name-settings]',root)?.addEventListener('click',()=>openPlayerNameModal(false,()=>openSettings(inGame)));$('[data-account-settings]',root)?.addEventListener('click',()=>openAccountCenter(false));$('[data-multiplayer-config]',root)?.addEventListener('click',openMultiplayerConfig);"
onclick,08-map-parent-settings.js,openSettings,1329,51,"$$('[data-toggle]', root).forEach(btn => btn.onclick = () => {"
onclick,08-map-parent-settings.js,openSettings,1335,32,"$('[data-save-now]',root).onclick=async()=>{ if(running) savePlayerPosition(true); else await commitState(); toast('Progresso salvo no celular.','good'); closeModal(); };"
onclick,08-map-parent-settings.js,openSettings,1336,64,"const install=$('[data-install]',root);if(install)install.onclick=installApp;"
onclick,08-map-parent-settings.js,openSettings,1337,58,"const home = $('[data-home]', root); if (home) home.onclick = () => { closeModal(); returnHome(); };"
onclick,08-map-parent-settings.js,openSettings,1338,58,"const exit = $('[data-exit]', root); if (exit) exit.onclick = () => { closeModal(); stopGame(); };"
onclick,08-map-parent-settings.js,openSettings,1339,35,"$('[data-parent-area]',root).onclick=()=>openParentGate(inGame);"
onclick,08-map-parent-settings.js,openSettings,1344,14,els.quizBtn.onclick = () => openEducationHub('math');
onclick,08-map-parent-settings.js,openSettings,1345,28,els.challengePromptAccept.onclick=()=>{if(promptSocialRequestId)acceptIncomingSocialRequest(promptSocialRequestId);else if(promptChallengeId)acceptIncomingChallenge(promptChallengeId);else if(promptSessionId){const s=gameSessions.get(promptSessionId);if(s)launchSessionWithCountdown(s);}};
onclick,08-map-parent-settings.js,openSettings,1346,29,els.challengePromptDecline.onclick=()=>{if(promptSocialRequestId)declineIncomingSocialRequest(promptSocialRequestId);else if(promptChallengeId)declineIncomingChallenge(promptChallengeId);else closeChallengePrompt();};
onclick,08-map-parent-settings.js,openSettings,1347,20,els.collectionBtn.onclick = openCollection;
onclick,08-map-parent-settings.js,openSettings,1348,16,els.avatarBtn.onclick = openAvatarStudio;
onclick,08-map-parent-settings.js,openSettings,1349,17,els.accountBtn.onclick = () => openAccountCenter(false);
onclick,08-map-parent-settings.js,openSettings,1350,15,els.moldsBtn.onclick = openMolds;
onclick,08-map-parent-settings.js,openSettings,1351,13,els.howBtn.onclick = openHow;
onclick,08-map-parent-settings.js,openSettings,1352,18,els.settingsBtn.onclick = () => openSettings(false);els.multiplayerBadge.onclick=openSocialHub;els.profileNameBtn.onclick=()=>openPlayerNameModal(false);
onclick,08-map-parent-settings.js,openSettings,1352,75,els.settingsBtn.onclick = () => openSettings(false);els.multiplayerBadge.onclick=openSocialHub;els.profileNameBtn.onclick=()=>openPlayerNameModal(false);
onclick,08-map-parent-settings.js,openSettings,1352,116,els.settingsBtn.onclick = () => openSettings(false);els.multiplayerBadge.onclick=openSocialHub;els.profileNameBtn.onclick=()=>openPlayerNameModal(false);
onclick,08-map-parent-settings.js,openSettings,1353,20,els.avatarGameBtn.onclick = openLifePanel;
onclick,08-map-parent-settings.js,openSettings,1354,19,els.inventoryBtn.onclick = openInventory;
onclick,08-map-parent-settings.js,openSettings,1355,15,els.toolsBtn.onclick = openToolbelt;
onclick,08-map-parent-settings.js,openSettings,1356,13,els.mapBtn.onclick = openMap;
onclick,08-map-parent-settings.js,openSettings,1357,15,els.dailyBtn.onclick = () => openEducationHub('math');
onclick,08-map-parent-settings.js,openSettings,1358,16,els.onlineBtn.onclick = openSocialHub;
onclick,08-map-parent-settings.js,openSettings,1359,22,els.gameSettingsBtn.onclick = () => openSettings(true);
onclick,09-responsive-ar-quality-diagnostics.js,syncMobilePanels,1367,21,els.quickToggleBtn.onclick = () => { state.ui.quickOpen = !state.ui.quickOpen;if(state.ui.quickOpen)state.ui.skillsOpen=false;syncMobilePanels();saveState(); };
onclick,09-responsive-ar-quality-diagnostics.js,syncMobilePanels,1368,22,els.skillsToggleBtn.onclick=()=>{state.ui.skillsOpen=!state.ui.skillsOpen;if(state.ui.skillsOpen)state.ui.quickOpen=false;syncMobilePanels();saveState();};
onclick,09-responsive-ar-quality-diagnostics.js,syncMobilePanels,1369,21,"els.needsToggleBtn.onclick = () => { state.ui.needsOpen = !state.ui.needsOpen; els.game.classList.toggle('needs-expanded', state.ui.needsOpen); saveState(); };"
onclick,09-responsive-ar-quality-diagnostics.js,syncMobilePanels,1371,18,els.missionCard.onclick = toggleMission;
addEventListener,09-responsive-ar-quality-diagnostics.js,syncMobilePanels,1373,144,"[els.avatarGameBtn,els.inventoryBtn,els.buildBtn,els.toolsBtn,els.mapBtn,els.dailyBtn,els.onlineBtn,els.gameSettingsBtn].forEach(btn => btn?.addEventListener('click', () => { state.ui.quickOpen=false; els.quickBar.hidden=true; els.quickToggleBtn.classList.remove('active'); }));"
addEventListener,09-responsive-ar-quality-diagnostics.js,syncMobilePanels,1391,30,"els.nativeViewer.addEventListener('load', done, {once:true});"
addEventListener,09-responsive-ar-quality-diagnostics.js,syncMobilePanels,1392,30,"els.nativeViewer.addEventListener('error', fail, {once:true});"
onclick,09-responsive-ar-quality-diagnostics.js,openAndroidSceneViewer,1433,43,"if (els.viewerLoadBtn) els.viewerLoadBtn.onclick = () => ensureModelViewerReady().catch(() => toast('Visualizador 3D indisponível agora.','warn',2400));"
addEventListener,09-responsive-ar-quality-diagnostics.js,openAndroidSceneViewer,1434,40,"if (els.insideArBtn) els.insideArBtn.addEventListener('click', event => {"
onclick,09-responsive-ar-quality-diagnostics.js,openAndroidSceneViewer,1440,12,els.arBtn.onclick = async () => {
onclick,09-responsive-ar-quality-diagnostics.js,ensureTechnicalPanel,1616,1510,"if(technicalPanel)return technicalPanel;const style=document.createElement('style');style.id='otthosTechnicalPanelStyle';style.textContent='.otthos-tech-panel{position:fixed;z-index:100000;right:max(8px,env(safe-area-inset-right));top:max(8px,env(safe-area-inset-top));width:min(330px,calc(100vw - 16px));max-height:calc(100vh - 16px);overflow:auto;padding:12px;border:1px solid rgba(116,220,255,.65);border-radius:14px;background:rgba(4,13,25,.94);color:#eaf8ff;font:700 12px/1.45 ui-monospace,SFMono-Regular,Consolas,monospace;box-shadow:0 16px 45px rgba(0,0,0,.45);backdrop-filter:blur(10px)}.otthos-tech-panel[hidden]{display:none!important}.otthos-tech-panel header{display:flex;align-items:center;justify-content:space-between;gap:8px;margin-bottom:8px}.otthos-tech-panel h2{font:900 14px/1.2 system-ui,sans-serif;margin:0}.otthos-tech-panel button{border:0;border-radius:8px;background:#dff7ff;color:#082032;padding:5px 9px;font-weight:900}.otthos-tech-panel pre{white-space:pre-wrap;word-brea"
addEventListener,09-responsive-ar-quality-diagnostics.js,initTechnicalPanel,1621,12,"window.addEventListener('keydown',event=>{if(event.code==='F3'){event.preventDefault();toggleTechnicalPanel();}});"
addEventListener,09-responsive-ar-quality-diagnostics.js,initTechnicalPanel,1622,44,"document.querySelector('.brand-card')?.addEventListener('pointerup',()=>{technicalPanelTapCount++;clearTimeout(technicalPanelTapTimer);technicalPanelTapTimer=setTimeout(()=>technicalPanelTapCount=0,1400);if(technicalPanelTapCount>=5){technicalPanelTapCount=0;toggleTechnicalPanel();}});"
onclick,15-transit-bus-metro.js,openMetroStation,2573,255,"openModal(station.name,`<div class=""transit-heading""><b>Ⓜ️ ${station.line}</b><span>Escolha qualquer ponto conhecido do mapa.</span></div><div class=""metro-destination-list"">${groups}</div>`,root=>{$$('[data-metro-destination]',root).forEach(btn=>btn.onclick=()=>{const destination=MAP_LOCATIONS.find(x=>x.id===btn.dataset.metroDestination);if(destination)rideMetroTo(station,destination);});});"
onclick,15-transit-bus-metro.js,openBusArrivalOffer,2628,37,"$('[data-arrival-board]',root).onclick=()=>{clearBusWaiting(false);closeModal();enterBus(bus);};"
onclick,15-transit-bus-metro.js,openBusArrivalOffer,2629,36,"$('[data-arrival-wait]',root).onclick=()=>{setBusWaiting(stop.id,world.waitingForBus?.routeId||'');closeModal();toast(`Você continua esperando na parada ${stop.name}.`,'good',1500);};"
onclick,15-transit-bus-metro.js,openBusArrivalOffer,2630,38,"$('[data-arrival-cancel]',root).onclick=()=>{clearBusWaiting();closeModal();toast('Espera cancelada.','good',1200);};"
addEventListener,15-transit-bus-metro.js,openBusStop,2645,37,"$('[data-board-ready]',root)?.addEventListener('click',()=>{closeModal();openBusArrivalOffer(ready,stop);});"
onclick,15-transit-bus-metro.js,openBusStop,2646,52,"$$('[data-wait-route]',root).forEach(btn=>btn.onclick=()=>{const route=BUS_ROUTES.find(r=>r.id===btn.dataset.waitRoute);setBusWaiting(stop.id,btn.dataset.waitRoute);closeModal();toast(`Esperando a linha ${route?.number||''} ${route?.name||''}.`,'good',2100);});"
onclick,15-transit-bus-metro.js,openBusStop,2647,32,"$('[data-wait-any]',root).onclick=()=>{setBusWaiting(stop.id,'');closeModal();toast(`Esperando o próximo ônibus em ${stop.name}.`,'good',2100);};"
addEventListener,15-transit-bus-metro.js,openBusStop,2648,35,"$('[data-keep-wait]',root)?.addEventListener('click',()=>{setBusWaiting(stop.id,waiting?.routeId||'');closeModal();toast('Você continua esperando.','good',1200);});"
onclick,15-transit-bus-metro.js,openBusStop,2649,35,"$('[data-cancel-wait]',root).onclick=()=>{clearBusWaiting();closeModal();toast('Espera cancelada.','good',1200);};"
onclick,15-transit-bus-metro.js,ensureTransitPanel,2653,463,"if(transitPanel)return transitPanel;transitPanel=document.createElement('div');transitPanel.id='transitActivityPanel';transitPanel.className='transit-activity-panel';transitPanel.hidden=true;transitPanel.innerHTML='<div><b data-bus-line>Ônibus</b><span data-bus-next>Próxima parada</span></div><button type=""button"" data-bus-request>🔔<span>Pedir parada</span></button>';document.body.appendChild(transitPanel);transitPanel.querySelector('[data-bus-request]').onclick=()=>{if(player.transit.mode!=='bus')return;player.transit.requestStop=true;updateTransitPanel();toast('Parada solicitada.','good',1200);};return transitPanel;"
onclick,16-emergency-services.js,openSafetyLesson,2806,61,"$$('[data-safety-answer]',root).forEach(button=>button.onclick=()=>{const correct=Number(button.dataset.safetyAnswer)===lesson.correct;state.safety.lessons=(state.safety.lessons||0)+1;if(correct){addXP(18);addReputation(3);awardMedal('Direção Segura');}saveState(true);closeModal();toast(correct?'Boa escolha! Segurança vem primeiro.':'Vamos lembrar: reduza, observe e cuide de todos.',correct?'good':'warn',2600);});"
onclick,16-emergency-services.js,openTransitGuide,2862,830,"openModal('Rede de transporte',`<div class=""transport-summary""><article><b>${state.transport.metroTrips||0}</b><span>viagens de metrô</span></article><article><b>${state.transport.busTrips||0}</b><span>viagens de ônibus</span></article><article><b>${state.transport.busStops.length}</b><span>paradas visitadas</span></article></div><h3>Estações de metrô</h3><div class=""transit-directory"">${METRO_STATIONS.map(s=>`<button data-transit-waypoint=""metro-${s.id}""><b>Ⓜ️ ${s.name}</b><span>${s.line}</span></button>`).join('')}</div><h3>Linhas de ônibus</h3><div class=""transit-directory"">${BUS_ROUTES.map(r=>`<article><b>🚌 ${r.number} • ${r.name}</b><span>${[...new Set(r.points.filter(p=>p.stopName).map(p=>p.stopName))].join(' → ')}</span></article>`).join('')}</div>`,root=>{$$('[data-transit-waypoint]',root).forEach(btn=>btn.onclick=()=>setWaypoint(btn.dataset.transitWaypoint));});"
onclick,17-adventures-learning-world.js,openAdventureHub,2895,736,"const active=world.activeChallenge,completed=new Set(state.adventures.completed||[]);openModal('Desafios da cidade',`${active?`<div class=""active-adventure""><b>${ADVENTURE_DEFS[active.type]?.icon} Em andamento: ${ADVENTURE_DEFS[active.type]?.name}</b><span>${active.progress.size}/${active.target}</span></div>`:''}<div class=""adventure-grid"">${Object.entries(ADVENTURE_DEFS).map(([id,d])=>`<button class=""adventure-card ${completed.has(id)?'completed':''}"" data-adventure=""${id}"" ${active?'disabled':''}><span>${d.icon}</span><b>${d.name}</b><small>${d.description}</small><em>${completed.has(id)?'✓ Concluído':`${d.reward} moedas • ${d.xp} XP`}</em></button>`).join('')}</div>`,root=>{$$('[data-adventure]',root).forEach(btn=>btn.onclick=()=>startAdventure(btn.dataset.adventure));});"
onclick,18-water-fishing-boats.js,ensureBoatPanel,3022,384,"if(boatPanel)return boatPanel;boatPanel=document.createElement('div');boatPanel.id='boatActivityPanel';boatPanel.className='boat-activity-panel';boatPanel.innerHTML='<button type=""button"" data-boat-fish>🎣<span>Pescar</span></button><button type=""button"" data-boat-exit>🏝️<span>Sair</span></button>';document.body.appendChild(boatPanel);boatPanel.querySelector('[data-boat-fish]').onclick=()=>startFishing('boat');boatPanel.querySelector('[data-boat-exit]').onclick=()=>exitBoat();return boatPanel;"
onclick,18-water-fishing-boats.js,ensureBoatPanel,3022,461,"if(boatPanel)return boatPanel;boatPanel=document.createElement('div');boatPanel.id='boatActivityPanel';boatPanel.className='boat-activity-panel';boatPanel.innerHTML='<button type=""button"" data-boat-fish>🎣<span>Pescar</span></button><button type=""button"" data-boat-exit>🏝️<span>Sair</span></button>';document.body.appendChild(boatPanel);boatPanel.querySelector('[data-boat-fish]').onclick=()=>startFishing('boat');boatPanel.querySelector('[data-boat-exit]').onclick=()=>exitBoat();return boatPanel;"
onclick,18-water-fishing-boats.js,startFishing,3061,11,"cast.onclick=()=>{if(!fishingSession||fishingSession.token!==token)return;cast.disabled=true;state.inventory.bait--;state.fishing.lastAttempt=Date.now();saveState(true);status.textContent='🎣 Aguarde…';meter.style.animation='fishingWait 2.4s linear forwards';castFishingVisual();const hookDelay=1400+Math.random()*1700;fishingSession.hookTimer=setTimeout(()=>{if(!fishingSession||fishingSession.token!==token||els.modal.hidden){cancelFishingSession();return;}status.textContent='⚡ Fisgou!';pull.hidden=false;hookFishingVisual();beep(880,100,'sine');vibrate([35,35,55]);fishingSession.hookedAt=performance.now();fishingSession.escapeTimer=setTimeout(()=>{if(!fishingSession||fishingSession.token!==token)return;status.textContent='💨 Escapou';pull.hidden=true;pullFishingVisual(false);fishingSession.finishTimer=setTimeout(()=>{if(fishingSession?.token===token)fishingSession=null;stopFishingVisual();},800);},2700);},hookDelay);};"
onclick,18-water-fishing-boats.js,startFishing,3062,11,"pull.onclick=()=>{if(!fishingSession||fishingSession.token!==token)return;clearTimeout(fishingSession.escapeTimer);const reaction=performance.now()-Number(fishingSession.hookedAt||performance.now()),success=reaction<2400&&Math.random()<.88;pull.hidden=true;if(!success){status.textContent='💨 Escapou';pullFishingVisual(false);saveState();fishingSession.finishTimer=setTimeout(()=>{if(fishingSession?.token===token)fishingSession=null;stopFishingVisual();},800);return;}const fish=weightedFish(),size=+(fish.min+Math.random()*(fish.max-fish.min)).toFixed(2),catchId=uid();state.inventory.rawFish=(state.inventory.rawFish||0)+1;state.fishing.catches.push({id:catchId,species:fish.name,size,rarity:fish.rarity,caughtAt:Date.now(),source,cooperative:!!options.cooperative});state.fishing.catches=state.fishing.catches.slice(-200);state.fishing.species[fish.name]=(state.fishing.species[fish.name]||0)+1;let xp=fish.xp,coins=fish.coins;if(options.cooperative&&options.requestId&&!state.fishing.cooperative"
onclick,19-campfire-hunting-house-extensions.js,openCampfire,3073,27,"$('[data-sit]',root).onclick=()=>{player.sitUntil=performance.now()+4500;state.needs.fun=clamp(state.needs.fun+8,0,100);closeModal();toast('Você descansou perto da fogueira.','good');};$('[data-eat]',root).onclick=()=>{if(state.inventory.cookedFish<1)return;state.inventory.cookedFish--;state.needs.hunger=clamp(state.needs.hunger+32,0,100);saveState(true);updateHUD();openCampfire(id);};$('[data-cook]',root).onclick=async()=>{if(!mine||data.cooking||state.inventory.rawFish<1)return;if(!(await confirmModal('Assar peixe','Usar 1 peixe cru nesta fogueira?','Assar','Cancelar')))return;state.inventory.rawFish--;const cookingId=uid();data.cooking={id:cookingId,startedAt:Date.now(),endsAt:Date.now()+5000,collected:false};saveState(true);window.OTTHOS_RTDB?.syncCampfires?.(state.campfires);toast('Peixe na grelha. Aguarde alguns segundos.','good');setTimeout(()=>finishCampfireCooking(data,cookingId),5100);};"
onclick,19-campfire-hunting-house-extensions.js,openCampfire,3073,212,"$('[data-sit]',root).onclick=()=>{player.sitUntil=performance.now()+4500;state.needs.fun=clamp(state.needs.fun+8,0,100);closeModal();toast('Você descansou perto da fogueira.','good');};$('[data-eat]',root).onclick=()=>{if(state.inventory.cookedFish<1)return;state.inventory.cookedFish--;state.needs.hunger=clamp(state.needs.hunger+32,0,100);saveState(true);updateHUD();openCampfire(id);};$('[data-cook]',root).onclick=async()=>{if(!mine||data.cooking||state.inventory.rawFish<1)return;if(!(await confirmModal('Assar peixe','Usar 1 peixe cru nesta fogueira?','Assar','Cancelar')))return;state.inventory.rawFish--;const cookingId=uid();data.cooking={id:cookingId,startedAt:Date.now(),endsAt:Date.now()+5000,collected:false};saveState(true);window.OTTHOS_RTDB?.syncCampfires?.(state.campfires);toast('Peixe na grelha. Aguarde alguns segundos.','good');setTimeout(()=>finishCampfireCooking(data,cookingId),5100);};"
onclick,19-campfire-hunting-house-extensions.js,openCampfire,3073,416,"$('[data-sit]',root).onclick=()=>{player.sitUntil=performance.now()+4500;state.needs.fun=clamp(state.needs.fun+8,0,100);closeModal();toast('Você descansou perto da fogueira.','good');};$('[data-eat]',root).onclick=()=>{if(state.inventory.cookedFish<1)return;state.inventory.cookedFish--;state.needs.hunger=clamp(state.needs.hunger+32,0,100);saveState(true);updateHUD();openCampfire(id);};$('[data-cook]',root).onclick=async()=>{if(!mine||data.cooking||state.inventory.rawFish<1)return;if(!(await confirmModal('Assar peixe','Usar 1 peixe cru nesta fogueira?','Assar','Cancelar')))return;state.inventory.rawFish--;const cookingId=uid();data.cooking={id:cookingId,startedAt:Date.now(),endsAt:Date.now()+5000,collected:false};saveState(true);window.OTTHOS_RTDB?.syncCampfires?.(state.campfires);toast('Peixe na grelha. Aguarde alguns segundos.','good');setTimeout(()=>finishCampfireCooking(data,cookingId),5100);};"
onclick,19-campfire-hunting-house-extensions.js,openCampfireZone,3076,373,"function openCampfireZone(){const c=nearestActiveCampfire(8);if(c)openCampfire(c.data.id);else openModal('Acampamento','<p>Esta é uma área segura para montar fogueira. Ela usa madeira real do inventário e apaga automaticamente.</p><div class=""modal-actions""><button class=""btn primary"" data-build-fire>Construir fogueira</button></div>',root=>$('[data-build-fire]',root).onclick=()=>{closeModal();buildCampfire();});}"
onclick,19-campfire-hunting-house-extensions.js,startHunting,3079,1218,"function startHunting(options={}){const cooldown=Math.max(0,20000-(Date.now()-Number(state.hunting.lastAttempt||0)));if(cooldown>0){toast(`A floresta precisa descansar por ${Math.ceil(cooldown/1000)} s.`,'warn');return;}if(Math.hypot(player.x+96,player.z+72)>28){toast('Siga as pegadas até a área de rastreamento.','warn');return;}state.hunting.lastAttempt=Date.now();state.hunting.tracksFound++;const trail=['Pegadas perto das pedras','Galhos mexidos à esquerda','Folhas amassadas perto da árvore'],correct=Math.floor(Math.random()*3);openModal(options.cooperative?'Rastreamento com amigo':'Rastreamento na floresta',`<div class=""activity-card hunting-card""><div class=""activity-icon"">🐾</div><h3>Encontre o caminho do animal</h3><p>${trail[correct]}. Qual direção você seguirá?</p><div class=""choice-grid""><button class=""choice"" data-track=""0""><b>⬅️ Esquerda</b><span>Seguir pistas</span></button><button class=""choice"" data-track=""1""><b>⬆️ Em frente</b><span>Seguir pistas</span></button><button cl"
onclick,19-campfire-hunting-house-extensions.js,openHouseExtensionPlanner,3089,1304,"function openHouseExtensionPlanner(type){const house=nearestOwnedHouseForExtension();if(!house||distance2D(player,house)>16){toast('Chegue perto de uma casa que você possui.','warn');return;}let side=0;const spec=ROOM_SPECS[type];const place=extensionPlacement(house,side);extensionDraft={id:uid(),houseId:house.id,type,side,...place,ownerId:state.profile.playerId,ownerName:playerDisplayName()};renderExtensionPreview();openModal(`Ampliar: ${spec.name}`,`<p>A prévia transparente aparece ao lado da casa. Ajuste o lado e a rotação antes de confirmar.</p><div class=""extension-status"" data-extension-status></div><div class=""modal-actions""><button class=""btn"" data-side>Próximo lado</button><button class=""btn"" data-rotate>Girar</button><button class=""btn primary"" data-confirm-extension>Confirmar • ${costText(spec.cost)}</button><button class=""btn danger"" data-cancel-extension>Cancelar</button></div>`,root=>{const status=$('[data-extension-status]',root),update=()=>{const p=extensionPlacement(ho"
onclick,19-campfire-hunting-house-extensions.js,openHouseExtensionPlanner,3089,1368,"function openHouseExtensionPlanner(type){const house=nearestOwnedHouseForExtension();if(!house||distance2D(player,house)>16){toast('Chegue perto de uma casa que você possui.','warn');return;}let side=0;const spec=ROOM_SPECS[type];const place=extensionPlacement(house,side);extensionDraft={id:uid(),houseId:house.id,type,side,...place,ownerId:state.profile.playerId,ownerName:playerDisplayName()};renderExtensionPreview();openModal(`Ampliar: ${spec.name}`,`<p>A prévia transparente aparece ao lado da casa. Ajuste o lado e a rotação antes de confirmar.</p><div class=""extension-status"" data-extension-status></div><div class=""modal-actions""><button class=""btn"" data-side>Próximo lado</button><button class=""btn"" data-rotate>Girar</button><button class=""btn primary"" data-confirm-extension>Confirmar • ${costText(spec.cost)}</button><button class=""btn danger"" data-cancel-extension>Cancelar</button></div>`,root=>{const status=$('[data-extension-status]',root),update=()=>{const p=extensionPlacement(ho"
onclick,19-campfire-hunting-house-extensions.js,openHouseExtensionPlanner,3089,1525,"function openHouseExtensionPlanner(type){const house=nearestOwnedHouseForExtension();if(!house||distance2D(player,house)>16){toast('Chegue perto de uma casa que você possui.','warn');return;}let side=0;const spec=ROOM_SPECS[type];const place=extensionPlacement(house,side);extensionDraft={id:uid(),houseId:house.id,type,side,...place,ownerId:state.profile.playerId,ownerName:playerDisplayName()};renderExtensionPreview();openModal(`Ampliar: ${spec.name}`,`<p>A prévia transparente aparece ao lado da casa. Ajuste o lado e a rotação antes de confirmar.</p><div class=""extension-status"" data-extension-status></div><div class=""modal-actions""><button class=""btn"" data-side>Próximo lado</button><button class=""btn"" data-rotate>Girar</button><button class=""btn primary"" data-confirm-extension>Confirmar • ${costText(spec.cost)}</button><button class=""btn danger"" data-cancel-extension>Cancelar</button></div>`,root=>{const status=$('[data-extension-status]',root),update=()=>{const p=extensionPlacement(ho"
onclick,19-campfire-hunting-house-extensions.js,openHouseExtensionPlanner,3089,1579,"function openHouseExtensionPlanner(type){const house=nearestOwnedHouseForExtension();if(!house||distance2D(player,house)>16){toast('Chegue perto de uma casa que você possui.','warn');return;}let side=0;const spec=ROOM_SPECS[type];const place=extensionPlacement(house,side);extensionDraft={id:uid(),houseId:house.id,type,side,...place,ownerId:state.profile.playerId,ownerName:playerDisplayName()};renderExtensionPreview();openModal(`Ampliar: ${spec.name}`,`<p>A prévia transparente aparece ao lado da casa. Ajuste o lado e a rotação antes de confirmar.</p><div class=""extension-status"" data-extension-status></div><div class=""modal-actions""><button class=""btn"" data-side>Próximo lado</button><button class=""btn"" data-rotate>Girar</button><button class=""btn primary"" data-confirm-extension>Confirmar • ${costText(spec.cost)}</button><button class=""btn danger"" data-cancel-extension>Cancelar</button></div>`,root=>{const status=$('[data-extension-status]',root),update=()=>{const p=extensionPlacement(ho"
onclick,19-campfire-hunting-house-extensions.js,openHouseExtensionMenu,3090,401,"function openHouseExtensionMenu(){openModal('Ampliação modular da casa',`<p>Escolha o novo cômodo. Os interiores e móveis existentes serão preservados.</p><div class=""choice-grid"">${Object.entries(ROOM_SPECS).map(([id,r])=>`<button class=""choice"" data-room=""${id}""><b>${r.icon} ${r.name}</b><span>${costText(r.cost)}</span></button>`).join('')}</div>`,root=>{$$('[data-room]',root).forEach(btn=>btn.onclick=()=>{closeModal();openHouseExtensionPlanner(btn.dataset.room);});});}"
onclick,20-world-build-cloud-houses.js,reconcileCloudHouses,3198,35,"$('[data-buy-house]',root).onclick=async()=>{if(state.profile.coins<house.price){toast('Moedas insuficientes.','warn');return;}const ok=await claimHouseOnline(house);if(!ok)return;addCoins(-house.price);setFlag('boughtHouse');awardMedal('Nova Propriedade');saveState(true);closeModal();handleHouseDoor(house);};"
onclick,20-world-build-cloud-houses.js,reconcileCloudHouses,3199,36,"$('[data-race-house]',root).onclick=()=>{closeModal();startRace('sprint',world.npcs[0],house.id);};$('[data-cancel]',root).onclick=closeModal;"
onclick,20-world-build-cloud-houses.js,reconcileCloudHouses,3199,131,"$('[data-race-house]',root).onclick=()=>{closeModal();startRace('sprint',world.npcs[0],house.id);};$('[data-cancel]',root).onclick=closeModal;"
onclick,20-world-build-cloud-houses.js,reconcileCloudHouses,3203,29,"$('[data-enter]',root).onclick=()=>{closeModal();enterHouse(house);};$('[data-lock]',root).onclick=async()=>{const next=!locked,ok=await window.OTTHOS_RTDB?.setHouseLock?.(house.id,next);if(ok){state.houses[house.id]={...(state.houses[house.id]||{}),owned:true,locked:next};saveState(true);closeModal();toast(next?'Casa trancada.':'Casa destrancada.','good');}else toast('Não foi possível alterar a fechadura.','warn');};$('[data-cancel]',root).onclick=closeModal;"
onclick,20-world-build-cloud-houses.js,reconcileCloudHouses,3203,97,"$('[data-enter]',root).onclick=()=>{closeModal();enterHouse(house);};$('[data-lock]',root).onclick=async()=>{const next=!locked,ok=await window.OTTHOS_RTDB?.setHouseLock?.(house.id,next);if(ok){state.houses[house.id]={...(state.houses[house.id]||{}),owned:true,locked:next};saveState(true);closeModal();toast(next?'Casa trancada.':'Casa destrancada.','good');}else toast('Não foi possível alterar a fechadura.','warn');};$('[data-cancel]',root).onclick=closeModal;"
onclick,20-world-build-cloud-houses.js,reconcileCloudHouses,3203,451,"$('[data-enter]',root).onclick=()=>{closeModal();enterHouse(house);};$('[data-lock]',root).onclick=async()=>{const next=!locked,ok=await window.OTTHOS_RTDB?.setHouseLock?.(house.id,next);if(ok){state.houses[house.id]={...(state.houses[house.id]||{}),owned:true,locked:next};saveState(true);closeModal();toast(next?'Casa trancada.':'Casa destrancada.','good');}else toast('Não foi possível alterar a fechadura.','warn');};$('[data-cancel]',root).onclick=closeModal;"
onclick,20-world-build-cloud-houses.js,openHomeChest,3236,47,"$$('[data-store]',root).forEach(btn=>btn.onclick=()=>{const key=btn.dataset.store;if((state.inventory[key]||0)<=0){toast('Você não tem esse item.','warn');return;}state.inventory[key]--;state.homeStorage[key]=(state.homeStorage[key]||0)+1;saveState(true);openHomeChest();});"
onclick,20-world-build-cloud-houses.js,openHomeChest,3237,46,"$$('[data-take]',root).forEach(btn=>btn.onclick=()=>{const key=btn.dataset.take;if((state.homeStorage[key]||0)<=0){toast('O baú não tem esse item.','warn');return;}state.homeStorage[key]--;state.inventory[key]=(state.inventory[key]||0)+1;saveState(true);openHomeChest();});"
onclick,21-interactions-shop-social-races.js,useActivity,3250,29,"$('[data-eat]',root).onclick=()=>{if(state.inventory.food<=0){toast('A geladeira está vazia.','warn');return;}state.inventory.food--;state.needs.hunger=clamp(state.needs.hunger+32,0,100);setFlag('ateMeal');addXP(12);saveState();closeModal();toast('Lanche delicioso!','good');};$('[data-close]',root).onclick=closeModal;"
onclick,21-interactions-shop-social-races.js,useActivity,3250,308,"$('[data-eat]',root).onclick=()=>{if(state.inventory.food<=0){toast('A geladeira está vazia.','warn');return;}state.inventory.food--;state.needs.hunger=clamp(state.needs.hunger+32,0,100);setFlag('ateMeal');addXP(12);saveState();closeModal();toast('Lanche delicioso!','good');};$('[data-close]',root).onclick=closeModal;"
onclick,21-interactions-shop-social-races.js,useActivity,3254,30,"$('[data-cook]',root).onclick=()=>{if(state.inventory.food<=0){toast('Você precisa comprar ou colher comida.','warn');return;}state.inventory.food--;state.stats.cooked++;trackDaily('cook',1);state.needs.hunger=100;state.needs.fun=clamp(state.needs.fun+8,0,100);setFlag('ateMeal');addXP(20);saveState();closeModal();toast('Refeição pronta!','good');};$('[data-close]',root).onclick=closeModal;"
onclick,21-interactions-shop-social-races.js,useActivity,3254,381,"$('[data-cook]',root).onclick=()=>{if(state.inventory.food<=0){toast('Você precisa comprar ou colher comida.','warn');return;}state.inventory.food--;state.stats.cooked++;trackDaily('cook',1);state.needs.hunger=100;state.needs.fun=clamp(state.needs.fun+8,0,100);setFlag('ateMeal');addXP(20);saveState();closeModal();toast('Refeição pronta!','good');};$('[data-close]',root).onclick=closeModal;"
onclick,21-interactions-shop-social-races.js,openShop,3272,45,"$$('[data-buy]',root).forEach(btn=>btn.onclick=()=>{const [name,price,key,amount]=items[Number(btn.dataset.buy)];if(state.profile.coins<price){toast('Moedas insuficientes.','warn');return;}addCoins(-price);state.inventory[key]+=amount;addXP(5);saveState();closeModal();toast(`${name} comprado!`,'good');});"
onclick,21-interactions-shop-social-races.js,openWorkshop,3278,29,"$('[data-sword]',root).onclick=()=>{if(inv.wood<2||inv.stone<2){toast('Faltam materiais.','warn');return;}inv.wood-=2;inv.stone-=2;state.flags.swordUpgrade=(state.flags.swordUpgrade||0)+1;addXP(35);saveState();closeModal();toast('Ferramenta de aventura melhorada!','good');};"
onclick,21-interactions-shop-social-races.js,openWorkshop,3279,30,"$('[data-blocks]',root).onclick=()=>{if(inv.wood<1||inv.stone<1){toast('Faltam materiais.','warn');return;}inv.wood--;inv.stone--;inv.blocks+=3;inv.fences+=2;saveState();closeModal();toast('Kit de construção pronto!','good');};"
onclick,21-interactions-shop-social-races.js,openWorkshop,3280,29,"$('[data-smelt]',root).onclick=()=>{if((inv.goldOre||0)<3){toast('Você precisa de 3 minérios de ouro.','warn');return;}inv.goldOre-=3;inv.goldBar=(inv.goldBar||0)+1;addCoins(60);addXP(35);saveState(true);closeModal();toast('Barra de ouro criada: +60 moedas.','good',2200);};"
onclick,21-interactions-shop-social-races.js,talkToNPC,3311,48,"$$('[data-social]',root).forEach(btn=>btn.onclick=()=>{"
onclick,21-interactions-shop-social-races.js,openHouseChallenge,3342,52,"$$('[data-house-race]',root).forEach(btn=>btn.onclick=()=>{const id=btn.dataset.houseRace;closeModal();startRace('sprint',npc,id);});"
onclick,21-interactions-shop-social-races.js,openRaceCenter,3348,46,"$$('[data-race]',root).forEach(btn=>btn.onclick=()=>{closeModal();startRace(btn.dataset.race,npc||world.npcs[0]);});"
onclick,22-careers-jobs-uniforms.js,openJobCenter,3457,45,"$$('[data-job]',root).forEach(btn=>btn.onclick=()=>{const job=JOBS.find(j=>j.id===btn.dataset.job);startJob(job);});"
addEventListener,22-careers-jobs-uniforms.js,openJobCenter,3458,38,"$('[data-continue-job]',root)?.addEventListener('click',focusActiveJob);"
addEventListener,22-careers-jobs-uniforms.js,openJobCenter,3459,37,"$('[data-job-uniform]',root)?.addEventListener('click',()=>{equipJobUniform(active.id);toast('Uniforme equipado.','good',1200);});"
addEventListener,22-careers-jobs-uniforms.js,openJobCenter,3460,36,"$('[data-cancel-job]',root)?.addEventListener('click',cancelActiveJob);"
onclick,22-careers-jobs-uniforms.js,openTeacherJobLesson,3512,340,"openModal('Missão de professor',`<div class=""teacher-mission""><span>🧑‍🏫</span><h3>Conduza uma atividade segura</h3><p>${q[0]}</p><div class=""choice-grid"">${q[1].map((answer,i)=>`<button class=""choice"" data-teacher-answer=""${i}""><b>${answer}</b></button>`).join('')}</div></div>`,root=>{$$('[data-teacher-answer]',root).forEach(btn=>btn.onclick=()=>{if(Number(btn.dataset.teacherAnswer)!==q[2]){toast('Vamos pensar de novo com calma.','warn',1400);return;}state.career.activeJob.completed=true;closeModal();completeActiveJob();addXP(55);toast(`Aula concluída na ${house.name}!`,'good',2400);});});"
onclick,22-careers-jobs-uniforms.js,openFireStationDesk,3517,68,"const startBtn=$('[data-fire-job]',root);if(startBtn)startBtn.onclick=()=>{if(state.career.activeJob){toast('Escolha “Trocar de trabalho” no painel de empregos.','warn');return;}startJob(JOBS.find(j=>j.id==='firefighter'));};"
onclick,22-careers-jobs-uniforms.js,openFireStationDesk,3518,61,"const cont=$('[data-fire-continue]',root);if(cont)cont.onclick=()=>{closeModal();focusActiveJob();};"
onclick,22-careers-jobs-uniforms.js,openFireStationDesk,3519,65,"const cancel=$('[data-fire-cancel]',root);if(cancel)cancel.onclick=async()=>{closeModal();await cancelActiveJob();};"
onclick,22-careers-jobs-uniforms.js,openFireStationDesk,3520,33,"$('[data-fire-call]',root).onclick=()=>{const current=ensureActiveFire(false);if(!current){toast('Nenhum chamado ativo agora.','good');return;}state.waypoint={id:`fire-${current.id}`,name:current.name,x:current.x,z:current.z,navX:current.navX,navZ:current.navZ};world.routePath=buildRoutePoints(player,state.waypoint);updateWaypointMarker();closeModal();if(currentHouse)exitHouse();toast(`Chamado marcado: ${current.name}`,'good');};"
onclick,22-careers-jobs-uniforms.js,openFireStationDesk,3521,36,"$('[data-fire-uniform]',root).onclick=()=>{equipJobUniform('firefighter');closeModal();};"
onclick,24-construction-system.js,ensureBuildPanel,3687,90,document.body.appendChild(buildPanel);buildPanel.querySelector('[data-build-rotate]').onclick=rotateBuildPreview;buildPanel.querySelector('[data-build-confirm]').onclick=placeBuild;buildPanel.querySelector('[data-build-cancel]').onclick=()=>endBuildMode('cancelled');return buildPanel;
onclick,24-construction-system.js,ensureBuildPanel,3687,166,document.body.appendChild(buildPanel);buildPanel.querySelector('[data-build-rotate]').onclick=rotateBuildPreview;buildPanel.querySelector('[data-build-confirm]').onclick=placeBuild;buildPanel.querySelector('[data-build-cancel]').onclick=()=>endBuildMode('cancelled');return buildPanel;
onclick,24-construction-system.js,ensureBuildPanel,3687,233,document.body.appendChild(buildPanel);buildPanel.querySelector('[data-build-rotate]').onclick=rotateBuildPreview;buildPanel.querySelector('[data-build-confirm]').onclick=placeBuild;buildPanel.querySelector('[data-build-cancel]').onclick=()=>endBuildMode('cancelled');return buildPanel;
onclick,24-construction-system.js,openBuildMenu,3711,46,"$$('[data-type]',root).forEach(btn=>btn.onclick=async()=>{const type=btn.dataset.type;if(type==='remove'){closeModal();await removeNearestBuild();return;}if(type==='extension'){openHouseExtensionMenu();return;}closeModal();beginBuildMode(type);});"
onclick,24-construction-system.js,openBuildMenu,3712,30,"$('[data-cancel]',root).onclick=closeModal;"
onclick,24-construction-system.js,reconcileWorldBuilds,3753,15,els.buildBtn.onclick=openBuildMenu;
addEventListener,25-render-init-resize-position-collision.js,initThree,3758,607,"renderer=new THREE.WebGLRenderer({antialias:qualityTier()==='high'&&!perf.mobile,alpha:false,powerPreference:'high-performance',precision:'highp',depth:true,stencil:false});renderer.setPixelRatio(Math.min(devicePixelRatio||1,targetDpr()));renderer.setSize(innerWidth,innerHeight);renderer.shadowMap.enabled=qualityTier()==='high'&&!perf.mobile;renderer.shadowMap.type=THREE.PCFSoftShadowMap;renderer.outputEncoding=THREE.sRGBEncoding;renderer.toneMapping=THREE.ACESFilmicToneMapping;renderer.toneMappingExposure=.94;els.stage.innerHTML='';els.stage.appendChild(renderer.domElement);renderer.domElement.addEventListener('webglcontextlost',e=>{e.preventDefault();paused=true;toast('A placa gráfica reiniciou. Toque no menu para recarregar o jogo.','bad',5000);});renderer.domElement.addEventListener('webglcontextrestored',()=>{toast('Render restaurado.','good',1800);paused=false;});"
addEventListener,25-render-init-resize-position-collision.js,initThree,3758,786,"renderer=new THREE.WebGLRenderer({antialias:qualityTier()==='high'&&!perf.mobile,alpha:false,powerPreference:'high-performance',precision:'highp',depth:true,stencil:false});renderer.setPixelRatio(Math.min(devicePixelRatio||1,targetDpr()));renderer.setSize(innerWidth,innerHeight);renderer.shadowMap.enabled=qualityTier()==='high'&&!perf.mobile;renderer.shadowMap.type=THREE.PCFSoftShadowMap;renderer.outputEncoding=THREE.sRGBEncoding;renderer.toneMapping=THREE.ACESFilmicToneMapping;renderer.toneMappingExposure=.94;els.stage.innerHTML='';els.stage.appendChild(renderer.domElement);renderer.domElement.addEventListener('webglcontextlost',e=>{e.preventDefault();paused=true;toast('A placa gráfica reiniciou. Toque no menu para recarregar o jogo.','bad',5000);});renderer.domElement.addEventListener('webglcontextrestored',()=>{toast('Render restaurado.','good',1800);paused=false;});"
addEventListener,25-render-init-resize-position-collision.js,refreshOrientationLayout,3791,10,"window.addEventListener('resize',()=>scheduleStableResize(50,true),{passive:true});window.addEventListener('orientationchange',refreshOrientationLayout,{passive:true});window.addEventListener('pageshow',refreshOrientationLayout,{passive:true});window.addEventListener('focus',()=>scheduleStableResize(30,true),{passive:true});document.addEventListener('fullscreenchange',refreshOrientationLayout,{passive:true});if(window.visualViewport){window.visualViewport.addEventListener('resize',()=>scheduleStableResize(50,true),{passive:true});window.visualViewport.addEventListener('scroll',()=>scheduleStableResize(80,false),{passive:true});}screen.orientation?.addEventListener?.('change',refreshOrientationLayout);if(window.ResizeObserver&&els.stage)new ResizeObserver(()=>scheduleStableResize(40,true)).observe(els.stage);document.addEventListener('visibilitychange',()=>{if(!document.hidden)refreshOrientationLayout();});"
addEventListener,25-render-init-resize-position-collision.js,refreshOrientationLayout,3791,93,"window.addEventListener('resize',()=>scheduleStableResize(50,true),{passive:true});window.addEventListener('orientationchange',refreshOrientationLayout,{passive:true});window.addEventListener('pageshow',refreshOrientationLayout,{passive:true});window.addEventListener('focus',()=>scheduleStableResize(30,true),{passive:true});document.addEventListener('fullscreenchange',refreshOrientationLayout,{passive:true});if(window.visualViewport){window.visualViewport.addEventListener('resize',()=>scheduleStableResize(50,true),{passive:true});window.visualViewport.addEventListener('scroll',()=>scheduleStableResize(80,false),{passive:true});}screen.orientation?.addEventListener?.('change',refreshOrientationLayout);if(window.ResizeObserver&&els.stage)new ResizeObserver(()=>scheduleStableResize(40,true)).observe(els.stage);document.addEventListener('visibilitychange',()=>{if(!document.hidden)refreshOrientationLayout();});"
addEventListener,25-render-init-resize-position-collision.js,refreshOrientationLayout,3791,178,"window.addEventListener('resize',()=>scheduleStableResize(50,true),{passive:true});window.addEventListener('orientationchange',refreshOrientationLayout,{passive:true});window.addEventListener('pageshow',refreshOrientationLayout,{passive:true});window.addEventListener('focus',()=>scheduleStableResize(30,true),{passive:true});document.addEventListener('fullscreenchange',refreshOrientationLayout,{passive:true});if(window.visualViewport){window.visualViewport.addEventListener('resize',()=>scheduleStableResize(50,true),{passive:true});window.visualViewport.addEventListener('scroll',()=>scheduleStableResize(80,false),{passive:true});}screen.orientation?.addEventListener?.('change',refreshOrientationLayout);if(window.ResizeObserver&&els.stage)new ResizeObserver(()=>scheduleStableResize(40,true)).observe(els.stage);document.addEventListener('visibilitychange',()=>{if(!document.hidden)refreshOrientationLayout();});"
addEventListener,25-render-init-resize-position-collision.js,refreshOrientationLayout,3791,254,"window.addEventListener('resize',()=>scheduleStableResize(50,true),{passive:true});window.addEventListener('orientationchange',refreshOrientationLayout,{passive:true});window.addEventListener('pageshow',refreshOrientationLayout,{passive:true});window.addEventListener('focus',()=>scheduleStableResize(30,true),{passive:true});document.addEventListener('fullscreenchange',refreshOrientationLayout,{passive:true});if(window.visualViewport){window.visualViewport.addEventListener('resize',()=>scheduleStableResize(50,true),{passive:true});window.visualViewport.addEventListener('scroll',()=>scheduleStableResize(80,false),{passive:true});}screen.orientation?.addEventListener?.('change',refreshOrientationLayout);if(window.ResizeObserver&&els.stage)new ResizeObserver(()=>scheduleStableResize(40,true)).observe(els.stage);document.addEventListener('visibilitychange',()=>{if(!document.hidden)refreshOrientationLayout();});"
addEventListener,25-render-init-resize-position-collision.js,refreshOrientationLayout,3791,338,"window.addEventListener('resize',()=>scheduleStableResize(50,true),{passive:true});window.addEventListener('orientationchange',refreshOrientationLayout,{passive:true});window.addEventListener('pageshow',refreshOrientationLayout,{passive:true});window.addEventListener('focus',()=>scheduleStableResize(30,true),{passive:true});document.addEventListener('fullscreenchange',refreshOrientationLayout,{passive:true});if(window.visualViewport){window.visualViewport.addEventListener('resize',()=>scheduleStableResize(50,true),{passive:true});window.visualViewport.addEventListener('scroll',()=>scheduleStableResize(80,false),{passive:true});}screen.orientation?.addEventListener?.('change',refreshOrientationLayout);if(window.ResizeObserver&&els.stage)new ResizeObserver(()=>scheduleStableResize(40,true)).observe(els.stage);document.addEventListener('visibilitychange',()=>{if(!document.hidden)refreshOrientationLayout();});"
addEventListener,25-render-init-resize-position-collision.js,refreshOrientationLayout,3791,463,"window.addEventListener('resize',()=>scheduleStableResize(50,true),{passive:true});window.addEventListener('orientationchange',refreshOrientationLayout,{passive:true});window.addEventListener('pageshow',refreshOrientationLayout,{passive:true});window.addEventListener('focus',()=>scheduleStableResize(30,true),{passive:true});document.addEventListener('fullscreenchange',refreshOrientationLayout,{passive:true});if(window.visualViewport){window.visualViewport.addEventListener('resize',()=>scheduleStableResize(50,true),{passive:true});window.visualViewport.addEventListener('scroll',()=>scheduleStableResize(80,false),{passive:true});}screen.orientation?.addEventListener?.('change',refreshOrientationLayout);if(window.ResizeObserver&&els.stage)new ResizeObserver(()=>scheduleStableResize(40,true)).observe(els.stage);document.addEventListener('visibilitychange',()=>{if(!document.hidden)refreshOrientationLayout();});"
addEventListener,25-render-init-resize-position-collision.js,refreshOrientationLayout,3791,561,"window.addEventListener('resize',()=>scheduleStableResize(50,true),{passive:true});window.addEventListener('orientationchange',refreshOrientationLayout,{passive:true});window.addEventListener('pageshow',refreshOrientationLayout,{passive:true});window.addEventListener('focus',()=>scheduleStableResize(30,true),{passive:true});document.addEventListener('fullscreenchange',refreshOrientationLayout,{passive:true});if(window.visualViewport){window.visualViewport.addEventListener('resize',()=>scheduleStableResize(50,true),{passive:true});window.visualViewport.addEventListener('scroll',()=>scheduleStableResize(80,false),{passive:true});}screen.orientation?.addEventListener?.('change',refreshOrientationLayout);if(window.ResizeObserver&&els.stage)new ResizeObserver(()=>scheduleStableResize(40,true)).observe(els.stage);document.addEventListener('visibilitychange',()=>{if(!document.hidden)refreshOrientationLayout();});"
addEventListener,25-render-init-resize-position-collision.js,refreshOrientationLayout,3791,831,"window.addEventListener('resize',()=>scheduleStableResize(50,true),{passive:true});window.addEventListener('orientationchange',refreshOrientationLayout,{passive:true});window.addEventListener('pageshow',refreshOrientationLayout,{passive:true});window.addEventListener('focus',()=>scheduleStableResize(30,true),{passive:true});document.addEventListener('fullscreenchange',refreshOrientationLayout,{passive:true});if(window.visualViewport){window.visualViewport.addEventListener('resize',()=>scheduleStableResize(50,true),{passive:true});window.visualViewport.addEventListener('scroll',()=>scheduleStableResize(80,false),{passive:true});}screen.orientation?.addEventListener?.('change',refreshOrientationLayout);if(window.ResizeObserver&&els.stage)new ResizeObserver(()=>scheduleStableResize(40,true)).observe(els.stage);document.addEventListener('visibilitychange',()=>{if(!document.hidden)refreshOrientationLayout();});"
addEventListener,25-render-init-resize-position-collision.js,savePlayerPosition,3814,10,"window.addEventListener('pagehide',()=>{if(running)savePlayerPosition(true);else commitState();});"
addEventListener,25-render-init-resize-position-collision.js,savePlayerPosition,3815,10,"window.addEventListener('beforeunload',()=>{if(running)savePlayerPosition(true);else commitState();});"
addEventListener,25-render-init-resize-position-collision.js,savePlayerPosition,3816,12,"document.addEventListener('visibilitychange',()=>{if(document.visibilityState==='hidden'){if(running)savePlayerPosition(true);else commitState();}});"
onclick,28-multiplayer-social-online.js,bindChallengeCards,4203,102,"function bindChallengeCards(root=els.modalBody){$$('[data-accept-challenge]',root).forEach(btn=>btn.onclick=()=>acceptIncomingChallenge(btn.dataset.acceptChallenge));$$('[data-decline-challenge]',root).forEach(btn=>btn.onclick=()=>declineIncomingChallenge(btn.dataset.declineChallenge));$$('[data-accept-social]',root).forEach(btn=>btn.onclick=()=>acceptIncomingSocialRequest(btn.dataset.acceptSocial));$$('[data-decline-social]',root).forEach(btn=>btn.onclick=()=>declineIncomingSocialRequest(btn.dataset.declineSocial));$$('[data-play-session]',root).forEach(btn=>btn.onclick=()=>{const s=gameSessions.get(btn.dataset.playSession);if(s)launchSessionWithCountdown(s);});}"
onclick,28-multiplayer-social-online.js,bindChallengeCards,4203,221,"function bindChallengeCards(root=els.modalBody){$$('[data-accept-challenge]',root).forEach(btn=>btn.onclick=()=>acceptIncomingChallenge(btn.dataset.acceptChallenge));$$('[data-decline-challenge]',root).forEach(btn=>btn.onclick=()=>declineIncomingChallenge(btn.dataset.declineChallenge));$$('[data-accept-social]',root).forEach(btn=>btn.onclick=()=>acceptIncomingSocialRequest(btn.dataset.acceptSocial));$$('[data-decline-social]',root).forEach(btn=>btn.onclick=()=>declineIncomingSocialRequest(btn.dataset.declineSocial));$$('[data-play-session]',root).forEach(btn=>btn.onclick=()=>{const s=gameSessions.get(btn.dataset.playSession);if(s)launchSessionWithCountdown(s);});}"
onclick,28-multiplayer-social-online.js,bindChallengeCards,4203,338,"function bindChallengeCards(root=els.modalBody){$$('[data-accept-challenge]',root).forEach(btn=>btn.onclick=()=>acceptIncomingChallenge(btn.dataset.acceptChallenge));$$('[data-decline-challenge]',root).forEach(btn=>btn.onclick=()=>declineIncomingChallenge(btn.dataset.declineChallenge));$$('[data-accept-social]',root).forEach(btn=>btn.onclick=()=>acceptIncomingSocialRequest(btn.dataset.acceptSocial));$$('[data-decline-social]',root).forEach(btn=>btn.onclick=()=>declineIncomingSocialRequest(btn.dataset.declineSocial));$$('[data-play-session]',root).forEach(btn=>btn.onclick=()=>{const s=gameSessions.get(btn.dataset.playSession);if(s)launchSessionWithCountdown(s);});}"
onclick,28-multiplayer-social-online.js,bindChallengeCards,4203,455,"function bindChallengeCards(root=els.modalBody){$$('[data-accept-challenge]',root).forEach(btn=>btn.onclick=()=>acceptIncomingChallenge(btn.dataset.acceptChallenge));$$('[data-decline-challenge]',root).forEach(btn=>btn.onclick=()=>declineIncomingChallenge(btn.dataset.declineChallenge));$$('[data-accept-social]',root).forEach(btn=>btn.onclick=()=>acceptIncomingSocialRequest(btn.dataset.acceptSocial));$$('[data-decline-social]',root).forEach(btn=>btn.onclick=()=>declineIncomingSocialRequest(btn.dataset.declineSocial));$$('[data-play-session]',root).forEach(btn=>btn.onclick=()=>{const s=gameSessions.get(btn.dataset.playSession);if(s)launchSessionWithCountdown(s);});}"
onclick,28-multiplayer-social-online.js,bindChallengeCards,4203,572,"function bindChallengeCards(root=els.modalBody){$$('[data-accept-challenge]',root).forEach(btn=>btn.onclick=()=>acceptIncomingChallenge(btn.dataset.acceptChallenge));$$('[data-decline-challenge]',root).forEach(btn=>btn.onclick=()=>declineIncomingChallenge(btn.dataset.declineChallenge));$$('[data-accept-social]',root).forEach(btn=>btn.onclick=()=>acceptIncomingSocialRequest(btn.dataset.acceptSocial));$$('[data-decline-social]',root).forEach(btn=>btn.onclick=()=>declineIncomingSocialRequest(btn.dataset.declineSocial));$$('[data-play-session]',root).forEach(btn=>btn.onclick=()=>{const s=gameSessions.get(btn.dataset.playSession);if(s)launchSessionWithCountdown(s);});}"
onclick,28-multiplayer-social-online.js,openChallengePicker,4207,622,"function openChallengePicker(uid,name){openModal(`Desafiar ${name}`,`<p>Escolha o jogo. O outro jogador receberá um cartão na tela com <b>Aceitar e jogar</b>.</p><div class=""challenge-picker""><button data-challenge-type=""math""><span>🔢</span><b>Matemática Kids</b><small>Contagem, soma e lógica</small></button><button data-challenge-type=""portuguese""><span>📚</span><b>Português Kids</b><small>Letras, sílabas e palavras</small></button><button data-challenge-type=""english""><span>🌎</span><b>English Kids</b><small>Imagens, sons e palavras</small></button></div>`,root=>{$$('[data-challenge-type]',root).forEach(btn=>btn.onclick=async()=>{btn.disabled=true;btn.classList.add('sending');const result=await window.OTTHOS_RTDB?.sendGameChallenge?.(uid,btn.dataset.challengeType,highestUnlockedLevel(btn.dataset.challengeType),name);if(result?.ok){toast(`Convite enviado para ${name}. Aguardando resposta.`,'good',2600);closeModal();}else{btn.disabled=false;btn.classList.remove('sending');toast(result?.e"
onclick,28-multiplayer-social-online.js,startMultiplayerEducationGame,4209,1120,"function startMultiplayerEducationGame(session){if(!session||session.status!=='active'){toast('Esta partida ainda não está pronta.','warn');return;}if(activeMultiplayerGameId&&activeMultiplayerGameId!==session.id){toast('Termine a partida atual.','warn');return;}activeMultiplayerGameId=session.id;closeChallengePrompt();runEducationGame({subject:session.type,level:Number(session.level||1),seed:Number(session.seed)||Date.now(),rounds:Number(session.rounds||5),multiplayer:true,opponent:sessionOpponentName(session),onFinish:async result=>{state.learning.multiplayerPlayed=(state.learning.multiplayerPlayed||0)+1;const ok=await window.OTTHOS_RTDB?.submitGameResult?.(session.id,result);saveState(true);openModal(ok?'Resultado enviado':'Resultado salvo no aparelho',`<div class=""lesson-result""><div>${ok?'⏳':'⚠️'}</div><h3>${result.score}/${result.total}</h3><p>${ok?`Aguardando ${escapeHtml(sessionOpponentName(session))} terminar.`:'A conexão caiu. Abra Online para reenviar ou jogar novamente.'}</"
onclick,28-multiplayer-social-online.js,maybeShowMultiplayerResult,4210,1305,"function maybeShowMultiplayerResult(session){const players=Object.values(session.players||{}),uid=window.OTTHOS_RTDB?.uid;if(players.length<2||!players.every(p=>p.finished))return;if(!session.result){window.OTTHOS_RTDB?.finalizeGameSession?.(session.id);return;}const mine=session.players?.[uid],other=Object.entries(session.players||{}).find(([id])=>id!==uid)?.[1],entry=rememberMatchResult(session),won=!session.result.draw&&session.result.winnerUid===uid,draw=!!session.result.draw;if(entry&&!entry.rewarded&&won){entry.rewarded=true;state.learning.multiplayerWins=(state.learning.multiplayerWins||0)+1;addCoins(80);addXP(60);}saveState(true);if(shownGameResults.has(session.id))return;shownGameResults.add(session.id);openModal(draw?'Empate!':won?'Você venceu!':`${session.result.winnerName||'Adversário'} venceu`,`<div class=""duel-result""><div>${draw?'🤝':won?'🏆':'🎮'}</div><h3>${mine?.score||0} × ${other?.score||0}</h3><p><b>Vencedor registrado:</b> ${escapeHtml(draw?'Empate':session.result.wi"
onclick,28-multiplayer-social-online.js,maybeShowMultiplayerResult,4210,1354,"function maybeShowMultiplayerResult(session){const players=Object.values(session.players||{}),uid=window.OTTHOS_RTDB?.uid;if(players.length<2||!players.every(p=>p.finished))return;if(!session.result){window.OTTHOS_RTDB?.finalizeGameSession?.(session.id);return;}const mine=session.players?.[uid],other=Object.entries(session.players||{}).find(([id])=>id!==uid)?.[1],entry=rememberMatchResult(session),won=!session.result.draw&&session.result.winnerUid===uid,draw=!!session.result.draw;if(entry&&!entry.rewarded&&won){entry.rewarded=true;state.learning.multiplayerWins=(state.learning.multiplayerWins||0)+1;addCoins(80);addXP(60);}saveState(true);if(shownGameResults.has(session.id))return;shownGameResults.add(session.id);openModal(draw?'Empate!':won?'Você venceu!':`${session.result.winnerName||'Adversário'} venceu`,`<div class=""duel-result""><div>${draw?'🤝':won?'🏆':'🎮'}</div><h3>${mine?.score||0} × ${other?.score||0}</h3><p><b>Vencedor registrado:</b> ${escapeHtml(draw?'Empate':session.result.wi"
onclick,28-multiplayer-social-online.js,bindOnlinePlayerCards,4215,102,"function bindOnlinePlayerCards(root=els.modalBody){$$('[data-online-player]',root).forEach(btn=>btn.onclick=()=>{const uid=btn.dataset.onlinePlayer,ghost=world.ghosts.get(uid);if(ghost)openRemotePlayerActions(uid,ghost);});}"
onclick,28-multiplayer-social-online.js,openSocialHub,4221,194,"const send=()=>{const input=$('#worldChatInput',root),text=(input?.value||'').trim();if(!text)return;window.OTTHOS_RTDB?.sendChat?.(text);input.value='';};$('[data-send-world-chat]',root).onclick=send;$('#worldChatInput',root)?.addEventListener('keydown',e=>{if(e.key==='Enter'){e.preventDefault();send();}});"
addEventListener,28-multiplayer-social-online.js,openSocialHub,4221,235,"const send=()=>{const input=$('#worldChatInput',root),text=(input?.value||'').trim();if(!text)return;window.OTTHOS_RTDB?.sendChat?.(text);input.value='';};$('[data-send-world-chat]',root).onclick=send;$('#worldChatInput',root)?.addEventListener('keydown',e=>{if(e.key==='Enter'){e.preventDefault();send();}});"
onclick,28-multiplayer-social-online.js,openSocialHub,4222,40,"$('[data-clear-local-chat]',root).onclick=()=>{state.social.chatHiddenBefore=Date.now();cloudChat.length=0;saveState(true);refreshOpenSocialHub();toast('Histórico ocultado neste aparelho.','good');};"
onclick,28-multiplayer-social-online.js,openRemotePlayerActions,4230,1328,"openModal(name,`<p>Interaja com este jogador em tempo real. Ações conjuntas só começam depois que ele aceitar.</p><div class=""choice-grid remote-social-grid""><button class=""choice"" data-player-action=""wave""><b>👋 Acenar</b><span>Saudação imediata</span></button><button class=""choice"" data-player-action=""dance""><b>🕺 Dançar juntos</b><span>Requer aceite</span></button><button class=""choice"" data-player-action=""play""><b>🎈 Brincar</b><span>Requer aceite</span></button><button class=""choice"" data-player-action=""highfive""><b>🙌 Toca aqui</b><span>Requer aceite</span></button><button class=""choice"" data-player-action=""hug""><b>🤗 Abraçar</b><span>Requer aceite</span></button><button class=""choice"" data-player-action=""selfie""><b>📸 Selfie</b><span>Requer aceite</span></button>${cooperative}<button class=""choice"" data-player-action=""giftCoins""><b>🪙 Dar 10 moedas</b><span>Presente online</span></button><button class=""choice"" data-player-action=""giftCrystal""><b>💎 Dar cristal</b><span>Usa 1 cristal</sp"
addEventListener,28-multiplayer-social-online.js,remotePlayerEvent,4250,10,"window.addEventListener('otthos:mp-status',e=>{multiplayerState={...multiplayerState,...e.detail};state.multiplayer.cloudReady=!!multiplayerState.connected;if(e.detail?.uid)state.multiplayer.cloudUid=e.detail.uid;if(Array.isArray(e.detail?.players)){remotePresence.clear();e.detail.players.filter(p=>p.uid!==window.OTTHOS_RTDB?.uid).forEach(p=>remotePresence.set(p.uid,p));}updateMultiplayerBadge();refreshOpenSocialHub();});"
addEventListener,28-multiplayer-social-online.js,remotePlayerEvent,4251,10,"window.addEventListener('otthos:mp-player',e=>remotePlayerEvent(e.detail));"
addEventListener,28-multiplayer-social-online.js,remotePlayerEvent,4252,10,"window.addEventListener('otthos:mp-leave',e=>{const id=e.detail?.uid;remotePresence.delete(id);if(player.boat.passengerUid===id)player.boat.passengerUid='';if(player.car.passengerUid===id)player.car.passengerUid='';const ghost=world.ghosts.get(id);if(ghost){scene?.remove(ghost);world.ghosts.delete(id);}multiplayerState.count=Math.max(1,remotePresence.size+1);updateMultiplayerBadge();refreshOpenSocialHub();});"
addEventListener,28-multiplayer-social-online.js,remotePlayerEvent,4253,10,"window.addEventListener('otthos:cloud-profile',e=>mergeCloudProgress(e.detail?.progress));"
addEventListener,28-multiplayer-social-online.js,remotePlayerEvent,4254,10,"window.addEventListener('otthos:campfires-cloud',e=>{pendingCloudCampfires=e.detail||{};applyCloudWorldObjects();});"
addEventListener,28-multiplayer-social-online.js,remotePlayerEvent,4255,10,"window.addEventListener('otthos:extensions-cloud',e=>{pendingCloudExtensions=e.detail||{};applyCloudWorldObjects();});"
addEventListener,28-multiplayer-social-online.js,remotePlayerEvent,4256,10,"window.addEventListener('otthos:houses',e=>{cloudHouses.clear();for(const [id,data] of Object.entries(e.detail||{}))cloudHouses.set(id,data);reconcileCloudHouses();});"
addEventListener,28-multiplayer-social-online.js,remotePlayerEvent,4257,10,"window.addEventListener('otthos:chat',e=>{const m=e.detail;if(!m||Number(m.createdAt||0)<=Number(state.social.chatHiddenBefore||0))return;const existing=cloudChat.findIndex(x=>x.id===m.id);if(existing>=0)cloudChat[existing]=m;else cloudChat.push(m);cloudChat.sort((a,b)=>Number(a.createdAt||0)-Number(b.createdAt||0));while(cloudChat.length>60)cloudChat.shift();refreshOpenSocialHub();if(m.senderUid!==window.OTTHOS_RTDB?.uid)toast(`${m.name}: ${m.text}`,'good',2200);});"
addEventListener,28-multiplayer-social-online.js,remotePlayerEvent,4258,10,"window.addEventListener('otthos:chat-removed',e=>{const id=e.detail?.id,index=cloudChat.findIndex(m=>m.id===id);if(index>=0)cloudChat.splice(index,1);refreshOpenSocialHub();});"
addEventListener,28-multiplayer-social-online.js,remotePlayerEvent,4259,10,"window.addEventListener('otthos:gift',e=>{const gift=e.detail;if(!gift)return;if(gift.type==='coins'){state.profile.coins+=Number(gift.amount||0);}else if(gift.type==='crystal'){state.inventory.crystals=(state.inventory.crystals||0)+Number(gift.amount||1);}saveState(true);toast(`🎁 ${gift.senderName||'Jogador'} enviou um presente!`,'good',2600);});"
addEventListener,28-multiplayer-social-online.js,remotePlayerEvent,4260,10,"window.addEventListener('otthos:interaction',e=>{const it=e.detail;if(!it)return;const sender=it.senderName||'Jogador';"
addEventListener,28-multiplayer-social-online.js,remotePlayerEvent,4271,10,"window.addEventListener('otthos:social-request',e=>{const r=e.detail;if(!r)return;incomingSocialRequests.set(r.id,r);updateOnlineAttention();refreshOpenSocialHub();if(r.status==='pending'&&Number(r.expiresAt||0)>Date.now()){showIncomingSocialRequest(r);if(!shownSocialToasts.has(r.id)){shownSocialToasts.add(r.id);toast(`🤝 ${r.fromName||'Jogador'} quer ${socialActionLabel(r.actionType)}.`,'good',3000);}}else if(promptSocialRequestId===r.id)closeChallengePrompt();});"
addEventListener,28-multiplayer-social-online.js,remotePlayerEvent,4272,10,"window.addEventListener('otthos:social-request-removed',e=>{incomingSocialRequests.delete(e.detail?.id);if(promptSocialRequestId===e.detail?.id)closeChallengePrompt();updateOnlineAttention();refreshOpenSocialHub();});"
addEventListener,28-multiplayer-social-online.js,remotePlayerEvent,4274,10,"window.addEventListener('otthos:challenge',e=>{const c=e.detail;if(!c)return;incomingChallenges.set(c.id,c);updateOnlineAttention();refreshOpenSocialHub();if(c.status==='pending'){showIncomingChallengePrompt(c);if(!shownChallengeToasts.has(c.id)){shownChallengeToasts.add(c.id);toast(`⚔️ ${c.fromName||'Jogador'} enviou ${multiplayerGameLabel(c.type)}!`,'good',3400);}}});"
addEventListener,28-multiplayer-social-online.js,remotePlayerEvent,4275,10,"window.addEventListener('otthos:challenge-removed',e=>{incomingChallenges.delete(e.detail?.id);updateOnlineAttention();refreshOpenSocialHub();});"
addEventListener,28-multiplayer-social-online.js,remotePlayerEvent,4276,10,"window.addEventListener('otthos:game-session',e=>{const s=e.detail;if(!s)return;gameSessions.set(s.id,s);updateOnlineAttention();refreshOpenSocialHub();if(s.status==='active'){const mine=s.players?.[window.OTTHOS_RTDB?.uid];if(!mine?.finished&&!activeMultiplayerGameId)showReadySessionPrompt(s);}if(s.status==='active'||s.status==='completed')maybeShowMultiplayerResult(s);});"
addEventListener,28-multiplayer-social-online.js,remotePlayerEvent,4277,10,"window.addEventListener('otthos:game-session-removed',e=>{gameSessions.delete(e.detail?.id);updateOnlineAttention();refreshOpenSocialHub();});"
addEventListener,28-multiplayer-social-online.js,remotePlayerEvent,4278,10,"window.addEventListener('otthos:rtdb-ready',async()=>{if(running||hasValidPlayerName()){const ok=await window.OTTHOS_RTDB?.connect?.({name:state.profile.name||'Jogador'});if(ok){window.OTTHOS_RTDB?.syncCampfires?.(state.campfires);window.OTTHOS_RTDB?.syncHouseExtensions?.(state.houseExtensions);}}});"
addEventListener,28-multiplayer-social-online.js,initLocalMultiplayer,4281,381,"if(typeof BroadcastChannel==='function'){localChannel=new BroadcastChannel('otthos-life-world-v636');localChannel.onmessage=e=>{const data=e.data;if(!data||data.id===state.profile.playerId)return;if(data.type==='leave'){const ghost=world.ghosts.get(data.id);if(ghost){scene.remove(ghost);world.ghosts.delete(data.id);}return;}remotePlayerEvent({...data,uid:data.id});};window.addEventListener('beforeunload',()=>localChannel?.postMessage({type:'leave',id:state.profile.playerId}));}"
addEventListener,29-game-loop-controls-gamepad.js,setupControls,4338,18,"els.joystick.addEventListener('pointerdown',e=>{e.preventDefault();input.joyId=e.pointerId;safePointerCapture(els.joystick,e.pointerId);updateJoy(e);});"
addEventListener,29-game-loop-controls-gamepad.js,setupControls,4339,18,"els.joystick.addEventListener('pointermove',e=>{if(e.pointerId===input.joyId)updateJoy(e);});"
addEventListener,29-game-loop-controls-gamepad.js,setupControls,4340,18,"els.joystick.addEventListener('pointerup',resetJoy);els.joystick.addEventListener('pointercancel',resetJoy);"
addEventListener,29-game-loop-controls-gamepad.js,setupControls,4340,70,"els.joystick.addEventListener('pointerup',resetJoy);els.joystick.addEventListener('pointercancel',resetJoy);"
addEventListener,29-game-loop-controls-gamepad.js,setupControls,4342,30,"const press=(el,fn)=>el?.addEventListener('pointerdown',e=>{e.preventDefault();e.stopPropagation();fn();},{passive:false});"
addEventListener,29-game-loop-controls-gamepad.js,setupControls,4345,17,"els.runBtn?.addEventListener('pointerdown',e=>{e.preventDefault();e.stopPropagation();setTouchSprint(true);safePointerCapture(els.runBtn,e.pointerId);},{passive:false});"
addEventListener,29-game-loop-controls-gamepad.js,setupControls,4346,82,"['pointerup','pointercancel','lostpointercapture'].forEach(type=>els.runBtn?.addEventListener(type,()=>setTouchSprint(false)));"
addEventListener,29-game-loop-controls-gamepad.js,setupControls,4349,18,"els.miniNav?.addEventListener('click',openMap);press(els.specialBtn,firePower);press(els.crouchBtn,()=>toggleCrouch());press(els.miniBtn,()=>setScaleMode('mini'));press(els.normalBtn,()=>setScaleMode('normal'));press(els.giantBtn,()=>setScaleMode('giant'));press(els.spinBtn,spinPlayer);"
addEventListener,29-game-loop-controls-gamepad.js,setupControls,4350,97,"[els.quickBar,els.inventoryBtn,els.buildBtn,els.mapBtn,els.gameSettingsBtn].forEach(el=>el?.addEventListener('pointerdown',e=>e.stopPropagation()));"
addEventListener,29-game-loop-controls-gamepad.js,setupControls,4351,12,"window.addEventListener('keydown',e=>{input.keys.add(e.code);if(['Space','KeyE','KeyF','KeyC','Digit1','Digit2','Digit3','KeyR','KeyQ','ShiftLeft','ShiftRight'].includes(e.code))e.preventDefault();updateRunUI();if(e.code==='Space')requestJump();if(e.code==='KeyE')doAction();if(e.code==='KeyF')firePower();if(e.code==='KeyC')toggleCrouch();if(e.code==='Digit1')setScaleMode('mini');if(e.code==='Digit2')setScaleMode('normal');if(e.code==='Digit3')setScaleMode('giant');if(e.code==='KeyR')spinPlayer();if(e.code==='KeyQ'&&buildMode)rotateBuildPreview();if(e.code==='Escape'){e.preventDefault();if(!running)return;if(buildMode){endBuildMode('cancelled');return;}if(pauseMenuOpen)closeModal();else if(!els.modal.hidden)closeModal();else openPauseMenu();}});window.addEventListener('keyup',e=>{input.keys.delete(e.code);updateRunUI();});"
addEventListener,29-game-loop-controls-gamepad.js,setupControls,4351,766,"window.addEventListener('keydown',e=>{input.keys.add(e.code);if(['Space','KeyE','KeyF','KeyC','Digit1','Digit2','Digit3','KeyR','KeyQ','ShiftLeft','ShiftRight'].includes(e.code))e.preventDefault();updateRunUI();if(e.code==='Space')requestJump();if(e.code==='KeyE')doAction();if(e.code==='KeyF')firePower();if(e.code==='KeyC')toggleCrouch();if(e.code==='Digit1')setScaleMode('mini');if(e.code==='Digit2')setScaleMode('normal');if(e.code==='Digit3')setScaleMode('giant');if(e.code==='KeyR')spinPlayer();if(e.code==='KeyQ'&&buildMode)rotateBuildPreview();if(e.code==='Escape'){e.preventDefault();if(!running)return;if(buildMode){endBuildMode('cancelled');return;}if(pauseMenuOpen)closeModal();else if(!els.modal.hidden)closeModal();else openPauseMenu();}});window.addEventListener('keyup',e=>{input.keys.delete(e.code);updateRunUI();});"
addEventListener,29-game-loop-controls-gamepad.js,setupControls,4352,15,"els.stage.addEventListener('pointerdown',e=>{if(e.target!==renderer?.domElement)return;input.cameraDrag={id:e.pointerId,x:e.clientX,y:e.clientY};safePointerCapture(els.stage,e.pointerId);});"
addEventListener,29-game-loop-controls-gamepad.js,setupControls,4353,15,"els.stage.addEventListener('pointermove',e=>{const d=input.cameraDrag;if(!d||d.id!==e.pointerId)return;const dx=e.clientX-d.x,dy=e.clientY-d.y;cameraYaw-=dx*.006;cameraPitch=clamp(cameraPitch+dy*.003,.05,.9);d.x=e.clientX;d.y=e.clientY;});"
addEventListener,29-game-loop-controls-gamepad.js,setupControls,4354,95,"const endDrag=e=>{if(input.cameraDrag?.id===e.pointerId)input.cameraDrag=null;};els.stage.addEventListener('pointerup',endDrag);els.stage.addEventListener('pointercancel',endDrag);"
addEventListener,29-game-loop-controls-gamepad.js,setupControls,4354,143,"const endDrag=e=>{if(input.cameraDrag?.id===e.pointerId)input.cameraDrag=null;};els.stage.addEventListener('pointerup',endDrag);els.stage.addEventListener('pointercancel',endDrag);"
addEventListener,29-game-loop-controls-gamepad.js,setupControls,4355,15,"els.stage.addEventListener('wheel',e=>{if(!running||!els.modal.hidden)return;e.preventDefault();cameraZoom=clamp(cameraZoom+Math.sign(e.deltaY)*.9,-4.5,9);state.settings.cameraZoom=+cameraZoom.toFixed(2);},{passive:false});"
onclick,30-pause-tests-public-api-bootstrap.js,stopGame,4382,14,els.playBtn.onclick=()=>startGame(true);els.continueBtn.onclick=()=>startGame(false);
onclick,30-pause-tests-public-api-bootstrap.js,stopGame,4382,58,els.playBtn.onclick=()=>startGame(true);els.continueBtn.onclick=()=>startGame(false);
onclick,30-pause-tests-public-api-bootstrap.js,openPauseMenu,4388,30,"$('[data-resume]',root).onclick=()=>closeModal();"
onclick,30-pause-tests-public-api-bootstrap.js,openPauseMenu,4389,28,"$('[data-life]',root).onclick=()=>{pauseMenuOpen=false;paused=false;closeModal();if(player.vehicle)startEngineSound();openLifePanel();};"
onclick,30-pause-tests-public-api-bootstrap.js,openPauseMenu,4390,28,"$('[data-home]',root).onclick=()=>{pauseMenuOpen=false;paused=false;closeModal();returnHome();};"
onclick,30-pause-tests-public-api-bootstrap.js,openPauseMenu,4391,28,"$('[data-menu]',root).onclick=()=>{pauseMenuOpen=false;paused=false;closeModal();stopGame();};"
addEventListener,30-pause-tests-public-api-bootstrap.js,openPauseMenu,4394,23,"els.gameSettingsBtn.addEventListener('contextmenu',e=>e.preventDefault());"
