type,name,module,line,snippet
top-level-arrow,ROOM_WORLD_LAYOUTS,31-neighborhood-world-controller.js,0,"const ROOM_WORLD_LAYOUTS=new Map((window.OTTHI_CONFIG?.rooms||[]).map(room=>[room.id,{...room,shortName:String(room.name||'Bairro').replace('Bairro da ','').replace('Bairro do ','').replace('Bairro ','')}]))"
function-declaration,roomWorldInfo,00-runtime-foundation.js,3,
function-declaration,roomHouseMarkers,00-runtime-foundation.js,5,
function-declaration,mapHouseLocations,00-runtime-foundation.js,7,
top-level-arrow,$,00-runtime-foundation.js,9,"const $ = (s, root = document) => root.querySelector(s);"
function-declaration,mapRegionsMarkup,00-runtime-foundation.js,9,
top-level-arrow,$$,00-runtime-foundation.js,10,"const $$ = (s, root = document) => [...root.querySelectorAll(s)];"
top-level-arrow,clamp,00-runtime-foundation.js,11,"const clamp = (v, a, b) => Math.max(a, Math.min(b, v));"
function-declaration,clearRemoteRoomEntities,00-runtime-foundation.js,11,
top-level-arrow,lerp,00-runtime-foundation.js,12,"const lerp = (a, b, t) => a + (b - a) * t;"
top-level-arrow,approachNumber,00-runtime-foundation.js,13,"const approachNumber=(value,target,step)=>value<target?Math.min(target,value+Math.abs(step)):Math.max(target,value-Math.abs(step));"
top-level-arrow,lerpAngle,00-runtime-foundation.js,14,"const lerpAngle = (a, b, t) => { let d=((b-a+Math.PI)%(Math.PI*2))-Math.PI; if(d<-Math.PI)d+=Math.PI*2; return a+d*t; };"
top-level-arrow,distance2D,00-runtime-foundation.js,15,"const distance2D = (a, b) => Math.hypot(a.x - b.x, a.z - b.z);"
top-level-arrow,uid,00-runtime-foundation.js,16,const uid = () => (crypto.randomUUID ? crypto.randomUUID() : `p-${Date.now()}-${Math.random().toString(16).slice(2)}`);
top-level-arrow,safePointerCapture,00-runtime-foundation.js,17,"const safePointerCapture=(element,pointerId)=>{try{if(element?.setPointerCapture&&Number.isInteger(pointerId))element.setPointerCapture(pointerId);return true;}catch{return false;}};"
top-level-arrow,safePointerRelease,00-runtime-foundation.js,18,"const safePointerRelease=(element,pointerId)=>{try{if(element?.hasPointerCapture?.(pointerId))element.releasePointerCapture(pointerId);return true;}catch{return false;}};"
function-declaration,resetMobilityForRoomChange,00-runtime-foundation.js,19,
top-level-arrow,safeLocalGet,00-runtime-foundation.js,22,const safeLocalGet = key => { try { return window.localStorage?.getItem(key) ?? null; } catch { return null; } };
top-level-arrow,safeLocalSet,00-runtime-foundation.js,23,"const safeLocalSet = (key, value) => { try { window.localStorage?.setItem(key, value); return true; } catch { return false; } };"
top-level-arrow,safeLocalRemove,00-runtime-foundation.js,24,const safeLocalRemove = key => { try { window.localStorage?.removeItem(key); return true; } catch { return false; } };
function-declaration,canChangeRoom,01-build-persistence.js,29,
function-declaration,focusCurrentRoom,01-build-persistence.js,31,
function-declaration,applyRoomWorld,01-build-persistence.js,33,
function-declaration,stableBuildId,01-build-persistence.js,53,
function-declaration,normalizeBuildRecord,01-build-persistence.js,59,
function-declaration,normalizeBuildList,01-build-persistence.js,66,
function-declaration,normalizeBuildTombstones,01-build-persistence.js,75,
function-declaration,mergeBuildTombstones,01-build-persistence.js,84,
function-declaration,applyBuildTombstones,01-build-persistence.js,85,
function-declaration,mergeBuildCollections,01-build-persistence.js,89,
function-declaration,mergeEntityCollections,01-build-persistence.js,92,
top-level-arrow,defaultState,01-build-persistence.js,93,const defaultState = () => ({
function-declaration,normalizeState,02-state-save-cloud-account.js,169,
function-declaration,loadState,02-state-save-cloud-account.js,223,
function-declaration,commitState,02-state-save-cloud-account.js,272,
function-declaration,saveState,02-state-save-cloud-account.js,289,
function-declaration,cloudProgressPayload,02-state-save-cloud-account.js,297,
function-declaration,syncCloudProgress,02-state-save-cloud-account.js,306,
function-declaration,mergeCloudProgress,02-state-save-cloud-account.js,310,
function-declaration,accountLinked,02-state-save-cloud-account.js,331,
function-declaration,accountPromptWasHandled,02-state-save-cloud-account.js,332,
function-declaration,accountStatusText,02-state-save-cloud-account.js,333,
function-declaration,syncGameAccount,02-state-save-cloud-account.js,350,
function-declaration,openAccountForm,03-ui-modal-install-pwa.js,404,
function-declaration,openAccountCenter,03-ui-modal-install-pwa.js,413,
function-declaration,addXP,03-ui-modal-install-pwa.js,423,
function-declaration,addCoins,03-ui-modal-install-pwa.js,434,
function-declaration,addReputation,03-ui-modal-install-pwa.js,438,
function-declaration,awardMedal,03-ui-modal-install-pwa.js,442,
function-declaration,setFlag,03-ui-modal-install-pwa.js,448,
function-declaration,showScreen,03-ui-modal-install-pwa.js,455,
function-declaration,toast,03-ui-modal-install-pwa.js,460,
function-declaration,vibrate,03-ui-modal-install-pwa.js,466,
function-declaration,beep,03-ui-modal-install-pwa.js,469,
function-declaration,openModal,03-ui-modal-install-pwa.js,484,
function-declaration,closeModal,03-ui-modal-install-pwa.js,499,
top-level-arrow,isStandalone,03-ui-modal-install-pwa.js,504,const isStandalone = () => window.matchMedia?.('(display-mode: standalone)').matches || navigator.standalone === true || safeLocalGet('otthos_installed') === '1';
function-declaration,confirmModal,03-ui-modal-install-pwa.js,517,
function-declaration,updateInstallUI,03-ui-modal-install-pwa.js,531,
function-declaration,isOfficialOtthiGameAddress,03-ui-modal-install-pwa.js,578,
function-declaration,localDateKey,04-education-daily-quiz.js,685,
function-declaration,daysBetween,04-education-daily-quiz.js,686,
function-declaration,ensureDailyChallenges,04-education-daily-quiz.js,687,
function-declaration,dailyDefinition,04-education-daily-quiz.js,688,
function-declaration,trackDaily,04-education-daily-quiz.js,689,
function-declaration,updateDailyBadge,04-education-daily-quiz.js,695,
function-declaration,claimDailyQuest,04-education-daily-quiz.js,696,
function-declaration,seeded,04-education-daily-quiz.js,710,
function-declaration,shuffled,04-education-daily-quiz.js,711,
function-declaration,choiceSet,04-education-daily-quiz.js,712,
function-declaration,mathRound,04-education-daily-quiz.js,713,
function-declaration,portugueseRound,04-education-daily-quiz.js,722,
function-declaration,englishRound,04-education-daily-quiz.js,731,
function-declaration,generateEducationRounds,04-education-daily-quiz.js,740,
function-declaration,subjectLevelRecord,04-education-daily-quiz.js,741,
function-declaration,subjectUnlocked,04-education-daily-quiz.js,742,
function-declaration,educationSummary,04-education-daily-quiz.js,743,
function-declaration,speakKidWord,04-education-daily-quiz.js,744,
function-declaration,dailyChallengesHtml,04-education-daily-quiz.js,745,
function-declaration,educationSubjectHtml,04-education-daily-quiz.js,746,
function-declaration,openEducationHub,04-education-daily-quiz.js,747,
function-declaration,openChallengeHub,04-education-daily-quiz.js,757,
function-declaration,openDailyChallenges,04-education-daily-quiz.js,758,
function-declaration,runEducationGame,04-education-daily-quiz.js,759,
function-declaration,startSoloEducationGame,04-education-daily-quiz.js,773,
function-declaration,finishSoloEducationGame,04-education-daily-quiz.js,774,
function-declaration,startCinematicEmote,04-education-daily-quiz.js,777,
function-declaration,triggerEmote,04-education-daily-quiz.js,780,
function-declaration,openQuiz,05-avatar-life-customization.js,791,
function-declaration,openCollection,05-avatar-life-customization.js,794,
function-declaration,effectiveAvatarUniform,05-avatar-life-customization.js,813,
function-declaration,avatarChoiceGroup,05-avatar-life-customization.js,821,
function-declaration,openAvatarStudio,05-avatar-life-customization.js,826,
function-declaration,openLifePanel,05-avatar-life-customization.js,836,
function-declaration,openMolds,05-avatar-life-customization.js,852,
function-declaration,openHow,05-avatar-life-customization.js,855,
function-declaration,deriveMissionFlags,06-missions-profile-hud-inventory-tools.js,954,
function-declaration,evaluateMissions,06-missions-profile-hud-inventory-tools.js,966,
function-declaration,updateMissionHUD,06-missions-profile-hud-inventory-tools.js,984,
function-declaration,objectiveStatusLabel,06-missions-profile-hud-inventory-tools.js,1003,
function-declaration,skillMasterySummary,06-missions-profile-hud-inventory-tools.js,1004,
function-declaration,pinChapter,06-missions-profile-hud-inventory-tools.js,1005,
function-declaration,openObjectivesPanel,06-missions-profile-hud-inventory-tools.js,1006,
function-declaration,sanitizePlayerName,06-missions-profile-hud-inventory-tools.js,1014,
function-declaration,hasValidPlayerName,06-missions-profile-hud-inventory-tools.js,1015,
function-declaration,playerDisplayName,06-missions-profile-hud-inventory-tools.js,1016,
function-declaration,playerText,06-missions-profile-hud-inventory-tools.js,1017,
function-declaration,updatePlayerNameUI,06-missions-profile-hud-inventory-tools.js,1018,
function-declaration,applyPlayerName,06-missions-profile-hud-inventory-tools.js,1019,
function-declaration,openPlayerNameModal,06-missions-profile-hud-inventory-tools.js,1020,
function-declaration,updateLobbyStats,06-missions-profile-hud-inventory-tools.js,1025,
function-declaration,updateHUD,06-missions-profile-hud-inventory-tools.js,1032,
function-declaration,openInventory,06-missions-profile-hud-inventory-tools.js,1047,
function-declaration,equippedTool,06-missions-profile-hud-inventory-tools.js,1060,
function-declaration,equipTool,06-missions-profile-hud-inventory-tools.js,1061,
function-declaration,openToolbelt,07-navigation-traffic-routes.js,1064,
function-declaration,refreshEquippedToolVisual,07-navigation-traffic-routes.js,1067,
function-declaration,playToolAnimation,07-navigation-traffic-routes.js,1081,
function-declaration,routeLength,07-navigation-traffic-routes.js,1090,
function-declaration,compactRoute,07-navigation-traffic-routes.js,1091,
function-declaration,projectPointToSegment,07-navigation-traffic-routes.js,1092,
function-declaration,navBlocked,07-navigation-traffic-routes.js,1093,
function-declaration,segmentClear,07-navigation-traffic-routes.js,1094,
function-declaration,nearestRoadProjection,07-navigation-traffic-routes.js,1095,
function-declaration,pointOnRoad,07-navigation-traffic-routes.js,1096,
function-declaration,projectPointToPolyline,07-navigation-traffic-routes.js,1097,
function-declaration,snapTrafficToRoad,07-navigation-traffic-routes.js,1102,
function-declaration,trafficActorList,07-navigation-traffic-routes.js,1108,
function-declaration,trafficPriority,07-navigation-traffic-routes.js,1120,
function-declaration,trafficSpeedFactor,07-navigation-traffic-routes.js,1121,
function-declaration,captureTrafficPositions,07-navigation-traffic-routes.js,1131,
function-declaration,resolveTrafficOverlaps,07-navigation-traffic-routes.js,1132,
function-declaration,graphAdd,07-navigation-traffic-routes.js,1145,
function-declaration,graphShortest,07-navigation-traffic-routes.js,1146,
function-declaration,buildRoutePoints,07-navigation-traffic-routes.js,1147,
function-declaration,routeProgressInfo,07-navigation-traffic-routes.js,1159,
function-declaration,remainingRoute,07-navigation-traffic-routes.js,1160,
function-declaration,sampleRoute,07-navigation-traffic-routes.js,1161,
function-declaration,createRouteGuide,07-navigation-traffic-routes.js,1162,
function-declaration,updateRouteGuide,07-navigation-traffic-routes.js,1163,
function-declaration,miniPoint,07-navigation-traffic-routes.js,1164,
function-declaration,miniMapLogicalSize,07-navigation-traffic-routes.js,1165,
function-declaration,miniMapScale,07-navigation-traffic-routes.js,1166,
function-declaration,drawMiniMap,07-navigation-traffic-routes.js,1167,
function-declaration,updateNavigation,07-navigation-traffic-routes.js,1176,
function-declaration,routeSvgMarkup,07-navigation-traffic-routes.js,1177,
function-declaration,mapLocationDetails,08-map-parent-settings.js,1228,
function-declaration,worldToMap,08-map-parent-settings.js,1230,
function-declaration,currentMapLocations,08-map-parent-settings.js,1232,
function-declaration,mapDistance,08-map-parent-settings.js,1234,
function-declaration,mapMarkerPlacements,08-map-parent-settings.js,1238,
function-declaration,applyMapMarkerPlacements,08-map-parent-settings.js,1281,
function-declaration,mapSelectionMarkup,08-map-parent-settings.js,1289,
function-declaration,setWaypoint,08-map-parent-settings.js,1293,
function-declaration,clearWaypoint,08-map-parent-settings.js,1298,
function-declaration,openMap,08-map-parent-settings.js,1299,
function-declaration,refreshOpenMapAfterResize,08-map-parent-settings.js,1318,
function-declaration,performLocalReset,08-map-parent-settings.js,1321,
function-declaration,openFinalResetConfirmation,08-map-parent-settings.js,1324,
function-declaration,openParentTools,08-map-parent-settings.js,1330,
function-declaration,openParentGate,08-map-parent-settings.js,1338,
function-declaration,openSettings,08-map-parent-settings.js,1349,
top-level-arrow,toggleMission,09-responsive-ar-quality-diagnostics.js,1370,const toggleMission = () => openObjectivesPanel();
function-declaration,syncMobilePanels,09-responsive-ar-quality-diagnostics.js,1400,
function-declaration,otthiGameModelUrl,09-responsive-ar-quality-diagnostics.js,1449,
function-declaration,androidSceneViewerUrl,09-responsive-ar-quality-diagnostics.js,1453,
function-declaration,isAndroidDevice,09-responsive-ar-quality-diagnostics.js,1463,
function-declaration,openAndroidSceneViewer,09-responsive-ar-quality-diagnostics.js,1467,
function-declaration,detectStableAutoTier,09-responsive-ar-quality-diagnostics.js,1509,
function-declaration,vehiclePlayerMode,09-responsive-ar-quality-diagnostics.js,1529,
function-declaration,derivePlayerMode,09-responsive-ar-quality-diagnostics.js,1536,
function-declaration,auditPlayerMode,09-responsive-ar-quality-diagnostics.js,1547,
function-declaration,isOnFootMode,09-responsive-ar-quality-diagnostics.js,1563,
function-declaration,canEnterMobility,09-responsive-ar-quality-diagnostics.js,1564,
function-declaration,cameraRelativeVector,09-responsive-ar-quality-diagnostics.js,1569,
function-declaration,normalizeControlIntent,09-responsive-ar-quality-diagnostics.js,1574,
function-declaration,requestedQuality,09-responsive-ar-quality-diagnostics.js,1582,
function-declaration,qualityLabel,09-responsive-ar-quality-diagnostics.js,1583,
function-declaration,qualityTier,09-responsive-ar-quality-diagnostics.js,1584,
function-declaration,targetDpr,09-responsive-ar-quality-diagnostics.js,1585,
function-declaration,applyAdaptiveRenderSettings,09-responsive-ar-quality-diagnostics.js,1591,
function-declaration,samplePerformance,09-responsive-ar-quality-diagnostics.js,1600,
function-declaration,lockStableSceneVisibility,09-responsive-ar-quality-diagnostics.js,1620,
function-declaration,freezeWorldFrustumCulling,10-player-skills.js,1627,
top-level-arrow,skillButtons,10-player-skills.js,1627,"const skillButtons={miniDash:()=>els.miniBtn,superJump:()=>els.normalBtn,giantSlam:()=>els.giantBtn,stealth:()=>els.crouchBtn,magnetSpin:()=>els.spinBtn};"
function-declaration,updateVisualLOD,10-player-skills.js,1642,
function-declaration,pwaInstalled,10-player-skills.js,1650,
function-declaration,activeVehicleCount,10-player-skills.js,1651,
function-declaration,runtimeDiagnostics,10-player-skills.js,1652,
function-declaration,ensureTechnicalPanel,10-player-skills.js,1656,
function-declaration,refreshTechnicalPanel,10-player-skills.js,1659,
function-declaration,toggleTechnicalPanel,10-player-skills.js,1660,
function-declaration,initTechnicalPanel,10-player-skills.js,1661,
function-declaration,playerScaleValue,10-player-skills.js,1666,
function-declaration,skillReady,10-player-skills.js,1669,
function-declaration,recordAdvancedSkill,10-player-skills.js,1670,
function-declaration,collectCrystal,10-player-skills.js,1676,
function-declaration,syncPlayerRootScale,10-player-skills.js,1679,
function-declaration,setScaleMode,10-player-skills.js,1689,
function-declaration,toggleCrouch,11-render-materials-player-model.js,1709,
function-declaration,spinPlayer,11-render-materials-player-model.js,1719,
function-declaration,updateAbilityUI,11-render-materials-player-model.js,1726,
function-declaration,canvasTexture,11-render-materials-player-model.js,1733,
function-declaration,professionalTexture,11-render-materials-player-model.js,1770,
function-declaration,initMaterials,11-render-materials-player-model.js,1776,
function-declaration,mat,11-render-materials-player-model.js,1822,
function-declaration,geometryKey,11-render-materials-player-model.js,1828,
function-declaration,sharedBoxGeometry,11-render-materials-player-model.js,1829,
function-declaration,sharedCylinderGeometry,11-render-materials-player-model.js,1834,
function-declaration,renderMat,11-render-materials-player-model.js,1839,
function-declaration,tintedBrickMaterial,11-render-materials-player-model.js,1845,
function-declaration,texturedRoofMaterial,11-render-materials-player-model.js,1848,
function-declaration,addSoftHighlight,11-render-materials-player-model.js,1851,
function-declaration,box,11-render-materials-player-model.js,1856,
function-declaration,stabilizeSurface,11-render-materials-player-model.js,1861,
function-declaration,stableBox,11-render-materials-player-model.js,1862,
function-declaration,cylinder,11-render-materials-player-model.js,1863,
function-declaration,addGlow,11-render-materials-player-model.js,1868,
function-declaration,addVoxelOutline,11-render-materials-player-model.js,1872,
function-declaration,premiumBox,11-render-materials-player-model.js,1877,
function-declaration,premiumCylinder,11-render-materials-player-model.js,1880,
function-declaration,makeWindow,11-render-materials-player-model.js,1883,
function-declaration,makePlanter,11-render-materials-player-model.js,1887,
function-declaration,createPlayerModel,11-render-materials-player-model.js,1891,
function-declaration,loadFaithfulAthosModel,11-render-materials-player-model.js,1953,
function-declaration,clearAvatarLayer,11-render-materials-player-model.js,1959,
function-declaration,applyAvatarCustomization,12-world-resources-nature.js,1965,
function-declaration,registerCollider,12-world-resources-nature.js,1997,
function-declaration,registerPlatform,12-world-resources-nature.js,1998,
function-declaration,registerInteractable,12-world-resources-nature.js,1999,
function-declaration,worldPos,12-world-resources-nature.js,2000,
function-declaration,isInteractionAvailable,12-world-resources-nature.js,2004,
function-declaration,ensureFlowerBatch,12-world-resources-nature.js,2011,
function-declaration,createTree,12-world-resources-nature.js,2025,
function-declaration,createRock,12-world-resources-nature.js,2044,
function-declaration,createGoldFoundry,12-world-resources-nature.js,2048,
function-declaration,createGoldMine,12-world-resources-nature.js,2056,
function-declaration,createVillageWell,12-world-resources-nature.js,2070,
function-declaration,drawWaterFromWell,12-world-resources-nature.js,2079,
function-declaration,createFlower,12-world-resources-nature.js,2084,
function-declaration,createLamp,12-world-resources-nature.js,2094,
function-declaration,createSignpost,12-world-resources-nature.js,2102,
function-declaration,createFenceLine,12-world-resources-nature.js,2108,
function-declaration,createRoad,12-world-resources-nature.js,2112,
function-declaration,createWater,12-world-resources-nature.js,2130,
function-declaration,createLava,12-world-resources-nature.js,2131,
function-declaration,createFurniture,12-world-resources-nature.js,2133,
function-declaration,signTexture,13-houses-npcs-vehicles-base.js,2195,
function-declaration,shadeColor,13-houses-npcs-vehicles-base.js,2226,
function-declaration,decorateHouseCommercial,13-houses-npcs-vehicles-base.js,2232,
function-declaration,createHouse,13-houses-npcs-vehicles-base.js,2249,
function-declaration,addHouseInterior,13-houses-npcs-vehicles-base.js,2276,
function-declaration,registerActivity,13-houses-npcs-vehicles-base.js,2324,
function-declaration,activityIcon,13-houses-npcs-vehicles-base.js,2328,
function-declaration,createNPC,13-houses-npcs-vehicles-base.js,2330,
function-declaration,createNpcMobility,13-houses-npcs-vehicles-base.js,2349,
function-declaration,createEnemy,13-houses-npcs-vehicles-base.js,2363,
function-declaration,createCrystal,13-houses-npcs-vehicles-base.js,2370,
function-declaration,createChest,13-houses-npcs-vehicles-base.js,2374,
function-declaration,createPlatform,13-houses-npcs-vehicles-base.js,2377,
function-declaration,vehicleById,13-houses-npcs-vehicles-base.js,2378,
function-declaration,currentVehicleRef,13-houses-npcs-vehicles-base.js,2379,
function-declaration,applyVehicleAppearance,13-houses-npcs-vehicles-base.js,2380,
function-declaration,persistParkedVehicle,13-houses-npcs-vehicles-base.js,2384,
function-declaration,createToyCar,13-houses-npcs-vehicles-base.js,2387,
function-declaration,createWaypointMarker,13-houses-npcs-vehicles-base.js,2400,
function-declaration,updateWaypointMarker,13-houses-npcs-vehicles-base.js,2406,
function-declaration,createAthleticsGym,13-houses-npcs-vehicles-base.js,2411,
function-declaration,createSizeChallenges,14-world-district-decoration.js,2419,
function-declaration,createSkyDome,14-world-district-decoration.js,2437,
function-declaration,updateClouds,14-world-district-decoration.js,2453,
function-declaration,createVoxelMushroom,14-world-district-decoration.js,2459,
function-declaration,iconTexture,14-world-district-decoration.js,2468,
function-declaration,createChallengeCube,14-world-district-decoration.js,2471,
function-declaration,createPortalArch,14-world-district-decoration.js,2472,
function-declaration,createPlayground,14-world-district-decoration.js,2478,
function-declaration,createFountain,14-world-district-decoration.js,2482,
function-declaration,createAwning,14-world-district-decoration.js,2483,
function-declaration,createStreetTree,14-world-district-decoration.js,2484,
function-declaration,createBackdropBuilding,14-world-district-decoration.js,2490,
function-declaration,createFloatingIsland,14-world-district-decoration.js,2499,
function-declaration,createCoinTrail,14-world-district-decoration.js,2503,
function-declaration,createCommercialDistrict,15-transit-bus-metro.js,2506,
function-declaration,createDistrictVisuals,15-transit-bus-metro.js,2515,
function-declaration,compactBusPath,15-transit-bus-metro.js,2547,
function-declaration,projectedBusPoint,15-transit-bus-metro.js,2550,
function-declaration,offsetBusPath,15-transit-bus-metro.js,2551,
function-declaration,buildBusRoadPath,15-transit-bus-metro.js,2559,
function-declaration,busRoutePoints,15-transit-bus-metro.js,2573,
function-declaration,busNextStop,15-transit-bus-metro.js,2574,
function-declaration,nearestForwardBusSegment,15-transit-bus-metro.js,2575,
function-declaration,recoverBusRoute,15-transit-bus-metro.js,2580,
function-declaration,setBusState,15-transit-bus-metro.js,2584,
function-declaration,setBusWaiting,15-transit-bus-metro.js,2587,
function-declaration,clearBusWaiting,15-transit-bus-metro.js,2590,
function-declaration,restoreBusWaiting,15-transit-bus-metro.js,2591,
function-declaration,busStopRecord,15-transit-bus-metro.js,2592,
function-declaration,safeBusExitPoint,15-transit-bus-metro.js,2593,
function-declaration,createMetroEntrance,15-transit-bus-metro.js,2599,
function-declaration,ensureMetroOverlay,15-transit-bus-metro.js,2608,
function-declaration,openMetroStation,15-transit-bus-metro.js,2611,
function-declaration,rideMetroTo,15-transit-bus-metro.js,2616,
function-declaration,ensureBusStop,15-transit-bus-metro.js,2630,
function-declaration,busSpawnIndex,15-transit-bus-metro.js,2634,
function-declaration,createBusModel,15-transit-bus-metro.js,2637,
function-declaration,createTransitWorld,15-transit-bus-metro.js,2660,
function-declaration,busAtStop,15-transit-bus-metro.js,2661,
function-declaration,busEtaSeconds,15-transit-bus-metro.js,2662,
function-declaration,validateBusCoverage,15-transit-bus-metro.js,2663,
function-declaration,busDestinationsAfter,15-transit-bus-metro.js,2664,
function-declaration,openBusArrivalOffer,15-transit-bus-metro.js,2667,
function-declaration,offerBusAtStop,15-transit-bus-metro.js,2677,
function-declaration,openBusStop,15-transit-bus-metro.js,2684,
function-declaration,ensureTransitPanel,15-transit-bus-metro.js,2696,
function-declaration,updateTransitPanel,15-transit-bus-metro.js,2699,
function-declaration,enterBus,15-transit-bus-metro.js,2702,
function-declaration,exitBusAtStop,15-transit-bus-metro.js,2713,
function-declaration,updateTransitWorld,15-transit-bus-metro.js,2722,
function-declaration,decorateCityServices,16-emergency-services.js,2765,
function-declaration,createFireIncidentSite,16-emergency-services.js,2782,
function-declaration,createFireTruck,16-emergency-services.js,2786,
function-declaration,createFireServiceWorld,16-emergency-services.js,2792,
function-declaration,activateFireIncident,16-emergency-services.js,2793,
function-declaration,ensureActiveFire,16-emergency-services.js,2794,
function-declaration,helpExtinguishFire,16-emergency-services.js,2795,
function-declaration,extinguishFireIncident,16-emergency-services.js,2796,
function-declaration,serviceVehicleRoute,16-emergency-services.js,2797,
function-declaration,moveServiceVehicle,16-emergency-services.js,2798,
function-declaration,updateFireService,16-emergency-services.js,2799,
function-declaration,createPoliceCar,16-emergency-services.js,2805,
function-declaration,createAmbulance,16-emergency-services.js,2814,
function-declaration,createPoliceSystem,16-emergency-services.js,2821,
function-declaration,movePoliceToward,16-emergency-services.js,2826,
function-declaration,updatePolicePatrol,16-emergency-services.js,2830,
function-declaration,updateSafetyPanel,16-emergency-services.js,2833,
function-declaration,startPoliceAlert,16-emergency-services.js,2836,
function-declaration,finishSafetyStop,16-emergency-services.js,2841,
function-declaration,openSafetyLesson,16-emergency-services.js,2845,
function-declaration,updatePoliceSystem,16-emergency-services.js,2855,
function-declaration,moveIncidentResponder,17-adventures-learning-world.js,2877,
function-declaration,createTrafficIncident,17-adventures-learning-world.js,2883,
function-declaration,resolveTrafficIncident,17-adventures-learning-world.js,2891,
function-declaration,updateTrafficIncidents,17-adventures-learning-world.js,2894,
function-declaration,openTransitGuide,17-adventures-learning-world.js,2907,
function-declaration,createRoyalCastle,17-adventures-learning-world.js,2911,
function-declaration,createCastleChallengeTokens,18-water-fishing-boats.js,2937,
function-declaration,openAdventureHub,18-water-fishing-boats.js,2940,
function-declaration,startAdventure,18-water-fishing-boats.js,2943,
function-declaration,restoreActiveAdventure,18-water-fishing-boats.js,2946,
function-declaration,advanceAdventure,18-water-fishing-boats.js,2952,
function-declaration,finishAdventure,18-water-fishing-boats.js,2955,
function-declaration,updateAdventure,18-water-fishing-boats.js,2958,
function-declaration,createLearningStation,18-water-fishing-boats.js,2961,
function-declaration,createLearningPlaza,18-water-fishing-boats.js,2964,
function-declaration,rectOverlap,18-water-fishing-boats.js,2971,
function-declaration,insideWater,18-water-fishing-boats.js,2972,
function-declaration,waterAt,18-water-fishing-boats.js,2973,
function-declaration,isInsideLakeNavigable,18-water-fishing-boats.js,2974,
function-declaration,isNearFishingArea,18-water-fishing-boats.js,2975,
function-declaration,resolveWaterWalking,18-water-fishing-boats.js,2976,
function-declaration,distanceToBoatDock,18-water-fishing-boats.js,2979,
function-declaration,validBoatExit,18-water-fishing-boats.js,2980,
function-declaration,safeBoatExitPoint,18-water-fishing-boats.js,2981,
function-declaration,ensureFishingVisual,18-water-fishing-boats.js,2983,
function-declaration,setFishingLine,18-water-fishing-boats.js,2997,
function-declaration,fishingCastTarget,18-water-fishing-boats.js,2998,
function-declaration,beginFishingVisual,18-water-fishing-boats.js,3005,
function-declaration,castFishingVisual,18-water-fishing-boats.js,3019,
function-declaration,hookFishingVisual,18-water-fishing-boats.js,3020,
function-declaration,pullFishingVisual,18-water-fishing-boats.js,3021,
function-declaration,restoreFishingCamera,18-water-fishing-boats.js,3022,
function-declaration,stopFishingVisual,18-water-fishing-boats.js,3026,
function-declaration,clearFishingTimers,18-water-fishing-boats.js,3033,
function-declaration,setFishingUiActive,18-water-fishing-boats.js,3034,
function-declaration,cancelFishingSession,18-water-fishing-boats.js,3039,
function-declaration,ensureFishingModalStyle,18-water-fishing-boats.js,3040,
function-declaration,updateFishingVisual,18-water-fishing-boats.js,3051,
function-declaration,createShoreFisher,18-water-fishing-boats.js,3062,
function-declaration,createShoreFishingLife,19-campfire-hunting-house-extensions.js,3068,
function-declaration,updateShoreFishers,19-campfire-hunting-house-extensions.js,3073,
function-declaration,createBoatModel,19-campfire-hunting-house-extensions.js,3077,
function-declaration,ensureBoatPanel,19-campfire-hunting-house-extensions.js,3082,
function-declaration,updateBoatPanel,19-campfire-hunting-house-extensions.js,3085,
function-declaration,enterBoatAsPassenger,19-campfire-hunting-house-extensions.js,3095,
function-declaration,exitBoat,20-world-build-cloud-houses.js,3103,
function-declaration,updateBoatPhysics,20-world-build-cloud-houses.js,3111,
function-declaration,campfireAllowed,20-world-build-cloud-houses.js,3112,
function-declaration,spawnCampfire,20-world-build-cloud-houses.js,3114,
function-declaration,nearestActiveCampfire,20-world-build-cloud-houses.js,3120,
function-declaration,finishCampfireCooking,20-world-build-cloud-houses.js,3124,
function-declaration,constrainBoat,20-world-build-cloud-houses.js,3125,
function-declaration,openCampfire,20-world-build-cloud-houses.js,3126,
function-declaration,weightedFish,20-world-build-cloud-houses.js,3127,
function-declaration,startFishing,20-world-build-cloud-houses.js,3129,
function-declaration,openNearestCampfire,20-world-build-cloud-houses.js,3132,
function-declaration,openCampfireZone,20-world-build-cloud-houses.js,3134,
function-declaration,createCampfireZone,20-world-build-cloud-houses.js,3136,
function-declaration,createForestAnimal,20-world-build-cloud-houses.js,3138,
function-declaration,startHunting,20-world-build-cloud-houses.js,3140,
function-declaration,createHuntingArea,20-world-build-cloud-houses.js,3142,
function-declaration,nearestOwnedHouseForExtension,20-world-build-cloud-houses.js,3144,
function-declaration,extensionPlacement,20-world-build-cloud-houses.js,3146,
function-declaration,extensionValid,20-world-build-cloud-houses.js,3147,
function-declaration,clearExtensionPreview,20-world-build-cloud-houses.js,3148,
function-declaration,renderExtensionPreview,20-world-build-cloud-houses.js,3149,
function-declaration,spawnHouseExtension,20-world-build-cloud-houses.js,3150,
function-declaration,resourcesEnough,20-world-build-cloud-houses.js,3151,
function-declaration,costText,20-world-build-cloud-houses.js,3152,
function-declaration,openHouseExtensionPlanner,20-world-build-cloud-houses.js,3153,
function-declaration,openHouseExtensionMenu,20-world-build-cloud-houses.js,3154,
function-declaration,createLakeExpansion,20-world-build-cloud-houses.js,3155,
function-declaration,restoreLifeExpansion,20-world-build-cloud-houses.js,3160,
function-declaration,updateLifeActivities,20-world-build-cloud-houses.js,3161,
function-declaration,createLifeExpansionWorld,20-world-build-cloud-houses.js,3162,
function-declaration,buildWorld,20-world-build-cloud-houses.js,3164,
function-declaration,collectResource,20-world-build-cloud-houses.js,3227,
function-declaration,openChest,20-world-build-cloud-houses.js,3237,
function-declaration,cloudHouseRecord,21-interactions-shop-social-races.js,3244,
function-declaration,isMyCloudHouse,21-interactions-shop-social-races.js,3245,
function-declaration,reconcileCloudHouses,21-interactions-shop-social-races.js,3246,
function-declaration,enterHouse,21-interactions-shop-social-races.js,3276,
function-declaration,exitHouse,21-interactions-shop-social-races.js,3288,
function-declaration,openHomeChest,21-interactions-shop-social-races.js,3300,
function-declaration,useActivity,21-interactions-shop-social-races.js,3309,
function-declaration,openShop,21-interactions-shop-social-races.js,3337,
function-declaration,openWorkshop,21-interactions-shop-social-races.js,3343,
function-declaration,friendshipTier,21-interactions-shop-social-races.js,3352,
function-declaration,changeFriendship,21-interactions-shop-social-races.js,3353,
function-declaration,talkToNPC,21-interactions-shop-social-races.js,3358,
function-declaration,openHouseChallenge,21-interactions-shop-social-races.js,3406,
function-declaration,openRaceCenter,21-interactions-shop-social-races.js,3413,
function-declaration,createRaceOpponent,22-careers-jobs-uniforms.js,3419,
function-declaration,clearRaceObjects,22-careers-jobs-uniforms.js,3422,
function-declaration,spawnRaceCoins,22-careers-jobs-uniforms.js,3427,
function-declaration,startRace,22-careers-jobs-uniforms.js,3433,
function-declaration,finishRace,22-careers-jobs-uniforms.js,3444,
function-declaration,updateRace,22-careers-jobs-uniforms.js,3454,
function-declaration,setMissionState,22-careers-jobs-uniforms.js,3484,
function-declaration,equipJobUniform,22-careers-jobs-uniforms.js,3485,
function-declaration,focusActiveJob,22-careers-jobs-uniforms.js,3490,
function-declaration,activeJobProgress,22-careers-jobs-uniforms.js,3510,
function-declaration,openJobCenter,22-careers-jobs-uniforms.js,3522,
function-declaration,startJob,23-vehicle-effects-driving.js,3531,
function-declaration,completeActiveJob,23-vehicle-effects-driving.js,3542,
function-declaration,checkActiveJob,23-vehicle-effects-driving.js,3556,
function-declaration,restoreActiveJobRuntime,23-vehicle-effects-driving.js,3564,
function-declaration,updateCareerMissions,23-vehicle-effects-driving.js,3567,
function-declaration,openTeacherJobLesson,23-vehicle-effects-driving.js,3578,
function-declaration,openFireStationDesk,23-vehicle-effects-driving.js,3582,
function-declaration,startDeliveryJob,23-vehicle-effects-driving.js,3594,
function-declaration,spawnDust,23-vehicle-effects-driving.js,3599,
function-declaration,updateFX,23-vehicle-effects-driving.js,3605,
function-declaration,startEngineSound,23-vehicle-effects-driving.js,3615,
function-declaration,stopEngineSound,23-vehicle-effects-driving.js,3626,
function-declaration,updateVehicleFX,23-vehicle-effects-driving.js,3631,
function-declaration,mobilityDriverActive,24-construction-system.js,3656,
function-declaration,updateMobilityControlLabels,24-construction-system.js,3657,
function-declaration,updateVehicleControlsUI,24-construction-system.js,3665,
function-declaration,vehicleHorn,24-construction-system.js,3673,
function-declaration,enterVehicle,24-construction-system.js,3676,
function-declaration,enterVehicleAsPassenger,24-construction-system.js,3684,
function-declaration,exitVehicle,24-construction-system.js,3693,
function-declaration,repairBridge,24-construction-system.js,3702,
function-declaration,buildCostText,24-construction-system.js,3714,
function-declaration,currentBuildOwnerIds,24-construction-system.js,3716,
function-declaration,buildOwnedByPlayer,24-construction-system.js,3718,
function-declaration,buildFootprint,24-construction-system.js,3720,
function-declaration,buildPlacementCandidate,24-construction-system.js,3724,
function-declaration,canBuildAt,24-construction-system.js,3730,
function-declaration,createBuildPreviewMesh,24-construction-system.js,3741,
function-declaration,disposeBuildPreview,24-construction-system.js,3753,
function-declaration,ensureBuildPanel,25-render-init-resize-position-collision.js,3756,
function-declaration,updateBuildPanel,25-render-init-resize-position-collision.js,3761,
function-declaration,updateBuildPreview,25-render-init-resize-position-collision.js,3766,
function-declaration,beginBuildMode,25-render-init-resize-position-collision.js,3772,
function-declaration,endBuildMode,25-render-init-resize-position-collision.js,3776,
function-declaration,rotateBuildPreview,25-render-init-resize-position-collision.js,3779,
function-declaration,openBuildMenu,25-render-init-resize-position-collision.js,3780,
function-declaration,placeBuild,25-render-init-resize-position-collision.js,3787,
function-declaration,spawnBuild,25-render-init-resize-position-collision.js,3798,
function-declaration,buildRecordSignature,25-render-init-resize-position-collision.js,3811,
function-declaration,removeWorldBuildRecord,25-render-init-resize-position-collision.js,3812,
function-declaration,reconcileWorldBuilds,25-render-init-resize-position-collision.js,3815,
top-level-arrow,autoSaveInterval,25-render-init-resize-position-collision.js,3818,"const autoSaveInterval=setInterval(()=>{if(running){savePlayerPosition(true);}},8000);"
function-declaration,initThree,25-render-init-resize-position-collision.js,3827,
function-declaration,applyQuality,25-render-init-resize-position-collision.js,3836,
function-declaration,viewportMetrics,25-render-init-resize-position-collision.js,3837,
function-declaration,resize,25-render-init-resize-position-collision.js,3850,
function-declaration,scheduleStableResize,25-render-init-resize-position-collision.js,3864,
function-declaration,refreshOrientationLayout,25-render-init-resize-position-collision.js,3865,
function-declaration,restorePosition,25-render-init-resize-position-collision.js,3870,
function-declaration,returnHome,25-render-init-resize-position-collision.js,3876,
function-declaration,savePlayerPosition,25-render-init-resize-position-collision.js,3883,
function-declaration,groundHeightAt,26-input-player-physics.js,3895,
function-declaration,positionBlockedForPlayer,26-input-player-physics.js,3898,
function-declaration,safePointNear,26-input-player-physics.js,3915,
function-declaration,rememberSafePlayerPosition,26-input-player-physics.js,3920,
function-declaration,recoverPlayerIfInvalid,26-input-player-physics.js,3925,
function-declaration,safeVehicleExitPoint,26-input-player-physics.js,3932,
function-declaration,vehicleHitsCollider,26-input-player-physics.js,3936,
function-declaration,registerVehicleImpact,26-input-player-physics.js,3945,
function-declaration,resolveCollisions,26-input-player-physics.js,3949,
function-declaration,resolveMovementInput,26-input-player-physics.js,3959,
function-declaration,sprintRequested,26-input-player-physics.js,3980,
function-declaration,updateRunUI,26-input-player-physics.js,3981,
function-declaration,clearMovementInputs,26-input-player-physics.js,3984,
function-declaration,canJump,26-input-player-physics.js,3992,
function-declaration,requestJump,26-input-player-physics.js,3993,
function-declaration,doJump,26-input-player-physics.js,3994,
function-declaration,updatePlayer,26-input-player-physics.js,3995,
function-declaration,mobilityThrottleIntent,27-npc-enemies-combat-camera-action.js,4030,
function-declaration,updateVehiclePhysics,27-npc-enemies-combat-camera-action.js,4043,
function-declaration,animatePlayer,27-npc-enemies-combat-camera-action.js,4058,
function-declaration,nearestRideCompanion,27-npc-enemies-combat-camera-action.js,4079,
function-declaration,nearestBoardableNpc,27-npc-enemies-combat-camera-action.js,4085,
function-declaration,checkHazards,27-npc-enemies-combat-camera-action.js,4088,
function-declaration,boardNpcPassenger,27-npc-enemies-combat-camera-action.js,4091,
function-declaration,collectNearbyCrystals,27-npc-enemies-combat-camera-action.js,4094,
function-declaration,releaseNpcPassenger,27-npc-enemies-combat-camera-action.js,4097,
function-declaration,npcSpeech,27-npc-enemies-combat-camera-action.js,4102,
function-declaration,updateNpcSociety,27-npc-enemies-combat-camera-action.js,4103,
function-declaration,updateNPCs,27-npc-enemies-combat-camera-action.js,4113,
function-declaration,updateEnemies,27-npc-enemies-combat-camera-action.js,4148,
function-declaration,meleeAttack,27-npc-enemies-combat-camera-action.js,4157,
function-declaration,damageEnemy,28-multiplayer-social-online.js,4162,
function-declaration,firePower,28-multiplayer-social-online.js,4166,
function-declaration,updateFireballs,28-multiplayer-social-online.js,4172,
function-declaration,updateCamera,28-multiplayer-social-online.js,4176,
function-declaration,nearestInteractable,28-multiplayer-social-online.js,4208,
function-declaration,updateContext,28-multiplayer-social-online.js,4226,
function-declaration,doAction,28-multiplayer-social-online.js,4230,
function-declaration,updateNeeds,28-multiplayer-social-online.js,4242,
function-declaration,multiplayerGameLabel,28-multiplayer-social-online.js,4249,
function-declaration,pendingChallenges,28-multiplayer-social-online.js,4251,
function-declaration,readyGameSessions,28-multiplayer-social-online.js,4252,
function-declaration,closeChallengePrompt,28-multiplayer-social-online.js,4253,
function-declaration,showIncomingChallengePrompt,28-multiplayer-social-online.js,4254,
function-declaration,showReadySessionPrompt,28-multiplayer-social-online.js,4255,
function-declaration,socialActionLabel,28-multiplayer-social-online.js,4257,
function-declaration,socialRequestPending,28-multiplayer-social-online.js,4258,
function-declaration,showIncomingSocialRequest,28-multiplayer-social-online.js,4259,
function-declaration,applyAcceptedSocialAction,28-multiplayer-social-online.js,4270,
function-declaration,updateOnlineAttention,28-multiplayer-social-online.js,4288,
function-declaration,challengeInboxHtml,28-multiplayer-social-online.js,4289,
function-declaration,socialRequestInboxHtml,28-multiplayer-social-online.js,4290,
function-declaration,completedGameSessions,28-multiplayer-social-online.js,4291,
function-declaration,rememberMatchResult,28-multiplayer-social-online.js,4292,
function-declaration,duelHistoryHtml,28-multiplayer-social-online.js,4293,
function-declaration,activeSessionsHtml,28-multiplayer-social-online.js,4294,
function-declaration,bindChallengeCards,28-multiplayer-social-online.js,4295,
function-declaration,highestUnlockedLevel,28-multiplayer-social-online.js,4298,
function-declaration,openChallengePicker,28-multiplayer-social-online.js,4299,
function-declaration,sessionOpponentName,28-multiplayer-social-online.js,4300,
function-declaration,startMultiplayerEducationGame,28-multiplayer-social-online.js,4301,
function-declaration,maybeShowMultiplayerResult,28-multiplayer-social-online.js,4302,
function-declaration,multiplayerStatusText,28-multiplayer-social-online.js,4303,
function-declaration,updateMultiplayerBadge,28-multiplayer-social-online.js,4304,
function-declaration,onlinePlayers,29-game-loop-controls-gamepad.js,4305,
function-declaration,onlinePlayerListHtml,29-game-loop-controls-gamepad.js,4306,
function-declaration,bindOnlinePlayerCards,29-game-loop-controls-gamepad.js,4307,
function-declaration,refreshOpenSocialHub,29-game-loop-controls-gamepad.js,4308,
function-declaration,openSocialHub,29-game-loop-controls-gamepad.js,4309,
function-declaration,escapeHtml,29-game-loop-controls-gamepad.js,4317,
function-declaration,chatMessageHtml,29-game-loop-controls-gamepad.js,4318,
function-declaration,openRemotePlayerActions,29-game-loop-controls-gamepad.js,4319,
function-declaration,nearestRemotePlayer,29-game-loop-controls-gamepad.js,4332,
function-declaration,openMultiplayerConfig,29-game-loop-controls-gamepad.js,4333,
function-declaration,applyCloudWorldObjects,29-game-loop-controls-gamepad.js,4334,
function-declaration,remotePlayerEvent,29-game-loop-controls-gamepad.js,4341,
function-declaration,initLocalMultiplayer,29-game-loop-controls-gamepad.js,4372,
function-declaration,multiplayerNameTexture,29-game-loop-controls-gamepad.js,4376,
function-declaration,updateLocalPlayerNameLabel,29-game-loop-controls-gamepad.js,4377,
function-declaration,updateGhostName,30-pause-tests-public-api-bootstrap.js,4378,
function-declaration,createGhost,30-pause-tests-public-api-bootstrap.js,4379,
function-declaration,updateMultiplayer,30-pause-tests-public-api-bootstrap.js,4385,
function-declaration,gameLoop,30-pause-tests-public-api-bootstrap.js,4397,
function-declaration,setupControls,30-pause-tests-public-api-bootstrap.js,4428,
function-declaration,pollGamepad,30-pause-tests-public-api-bootstrap.js,4454,
function-declaration,stopGame,30-pause-tests-public-api-bootstrap.js,4471,
function-declaration,openPauseMenu,30-pause-tests-public-api-bootstrap.js,4480,
function-declaration,updateBridgeVisual,30-pause-tests-public-api-bootstrap.js,4492,
function-declaration,prepareVehicleTestArea,30-pause-tests-public-api-bootstrap.js,4495,
function-declaration,stepVehicleSimulation,30-pause-tests-public-api-bootstrap.js,4508,
